INDY PASS ROSTER,,"DISCOUNT (no included tickets) at Indy Allied partners (Mont Ripley, Cherry Peak, King Pine)
DAYS SHARED BETWEEN: Mountain High East/West | Loveland and Loveland Valley | Björkliden and Riksgränsen",,,,,,,,,,,,,,,,,,,,,,,,,"PASS ACCESS KEY: 2/3=2/3 Days | S=Shared Days | 
B=Blackouts Apply | R=Reservations required | 
26=Summer 2026 Access | 27=Summer 2027 Access",,,,,,IKON PASS ROSTER,,"2026-27 BLACKOUT DATES: 
Northern Hemisphere: 12/26-30 | 1/16-17 | 2/13-14
Southern Hemisphere: 7/4-19, 2026 | 7/3-18, 2027",,,,,"DAYS SHARED BETWEEN: Aspen Mountain, Aspen Highlands, Buttermilk, Snowmass | Alta, Snowbird | Sunshine, Lake Louise, Norquay | 
Sun Valley Bald & Dollar | Killington, Pico | Summit at Snoqualmie, Alpental | Snowriver: Black River Basin & Jackson Creek Summit | 
Coronet Peak, Mt. Hutt, The Remarkables | All ski areas on Ikon Session",,,,,,,,,,,,,,,,"PASS ACCESS KEY: U=Unlimited Access | 1/2/3=1/2/3 Days | S=Shared Days | 
B=Blackouts Apply | R=Reservations required | 26=Summer 2026 Access | 
27=Summer 2027 Access",,,,,,,,,,IKON PASS 2-DAY ROSTER,,"PASS ACCESS KEY:| 1/2/3=1/2/3 Days | B=Blackouts Apply | 2026-27 Blackouts: 12/26-30 | 1/16-17 | 2/13-14
",,,,,,,,,,,,,,,,,,,,,,,,,,,,,,IKON PASS MIDWEST ROSTER ,,,,,,,,,,,,,,,,,,,,,,,,,,,,,,,,EPIC PASS ROSTER,,"PASS ACCESS KEY: U=UNLIMITED ACCESS | 1/2/3=1/2/3 DAYS | S=SHARED DAYS | B=BLACKOUTS APPLY | M= MIDWEEK ONLY | 
C=MUST USE DAYS CONSECUTIVELY | L=LODGING REQUIREMENT | SA=SATURDAY | 27=SUMMER 2027 ACCESS",,,,,,,,,,,,,,,,,,,,,,,,,,,,,,,,,,,,,,,"MOUNTAIN COLLECTIVE 
ROSTER",,"PASS ACCESS KEY: U=UNLIMITED ACCESS | 1/2/3=1/2/3 DAYS | B=BLACKOUTS APPLY | M= MIDWEEK ONLY | 26=SUMMER 2026 ACCESS | 27=SUMMER 2027 ACCESS | 
S=SHARED DAYS BETWEEN: Coronet Peak, The Remarkables | Aspen Mountain, Aspen Highlands, Buttermilk, Snowmass | Sun Valley Bald and Dollar Mountains",,,,,,,,,,,,,,,,,,,,,,,,,,,,,,,,,MOUNTAIN COLLECTIVE PARTNERS THAT ARE NOT ON IKON,,,,,,,,,,,,,,,,,,,,,,,,,,,,,,,SNOW TRIPLE PLAY EAST ROSTER,,"PASS ACCESS KEY: U=UNLIMITED ACCESS | 1-3=1/2 DAYS | B=BLACKOUTS APPLY | M= MIDWEEK ONLY | 
",,,,,,,,,,,,,,,,,,,,,,,,,,,,,,,POWER PASS ROSTER,,,,,,,,,,,,,,,,,,,,,,,,,,,,,,,,,,,,"POWDER ALLIANCE
 ROSTER",,,,,,,,,,,,,,,,,,,,,,,,,,,"PASS ACCESS KEY: 3=3 Days | S=Shared Days | 
B=Blackouts Apply - blackout dates vary widely",,,,,,,,NEW ENGLAND PASS ROSTER,,,,,,,,,,,,,,,,,,,,,,,,,,PASS ACCESS KEY: U=Unlimited Access | 1/2/3=1/2/3 Days | S=Shared Days | B=Blackouts Apply | NT=No Big Sky Tram Access,,,,,,,,,,,,,,,
LOCATION,,CORE STATS,,,,,,OWNER,OPERATING CLASS,LIFT FLEET,,,,,,,,,,,,,,,,,PASS ACCESS,,,,,,LOCATION,,CORE STATS,,,,,,OWNER,LIFT FLEET,,,,,,,,,,,,,,,,,PASS ACCESS,,,,,,,LOCATION,,CORE STATS,,,,,,OWNER,LIFT FLEET,,,,,,,,,,,,,,,,,PASS ACCESS,,,,,,LOCATION,,CORE STATS,,,,,,OWNER,LIFT FLEET,,,,,,,,,,,,,,,,,PASS ACCESS,,,,,,LOCATION,,CORE STATS,,,,,,OWNER,LIFT FLEET,,,,,,,,,,,,,,,,,EPIC PASS ACCESS,,,,,,,,,,,,,,,LOCATION,,CORE STATS,,,,,,OWNER,LIFT FLEET,,,,,,,,,,,,,,,,,PASS ACCESS,,,,,,,LOCATION,,CORE STATS,,,,,,OWNER,LIFT FLEET,,,,,,,,,,,,,,,,,PASS ACCESS,,,,,,,LOCATION,,CORE STATS,,,,,,OWNER,LIFT FLEET,,,,,,,,,,,,,,,,,PASS ACCESS,,,,,,,LOCATION,,CORE STATS,,,,,,LIFT FLEET,,,,,,,,,,,,,,,,,PASS ACCESS,,,,,,,,,,,LOCATION,,CORE STATS,,,,,,OWNER,OPERATING CLASS,LIFT FLEET,,,,,,,,,,,,,,,,,PASS ACCESS,,,,,,,,LOCATION,,CORE STATS,,,,,,OWNER,LIFT FLEET,,,,,,,,,,,,,,,,,PASS ACCESS,,,,,,,,,,,,,,,
U.S. Total: 143,Canada: 30,"Ski Areas >1,000 vertical feet: 127",,,,,,,Public w/Aerial Lifts: 153,Number of ski areas with this type of lift,,,,,,,,,,,,,,,,,Current prices,,,,,,U.S. Total: 59,Canada: 13,"Ski Areas >1,000 vertical feet: 83",,,,,,Alterra: 20,Number of ski areas with this type of lift,,,,,,,,,,,,,,,,,Current prices,,,,,,,U.S. Total: 8,Canada: 1,"Ski Areas >1,000 vertical feet: 5",,,,,,Fairbank Group: 2,Number of ski areas with this type of lift,,,,,,,,,,,,,,,,,"No Ikon Base or
Session Access
for these ski
areas.",,,,,,Midwest Total: 10,Wisconsin: 2,"Ski Areas >1,000 vertical feet: 0",,,,,,Midwest Family Ski Resorts: 0,Number of ski areas with this type of lift,,,,,,,,,,,,,,,,,,,,,,,U.S. Total: 0,Canada: 0,Total Ski Areas: 71,,,,,,Vail Resorts: 42,Number of ski areas with this type of lift,,,,,,,,,,,,,,,,,Current prices,,,,,,,,,,,,,,,U.S. Total: 17,Canada: 7,"Ski Areas >1,000 vertical feet: 30",,,,,,Aspen: 0,Number of ski areas with this type of lift,,,,,,,,,,,,,,,,,Current prices,,,,,,,U.S. Total: 3,Canada: 2,"Ski Areas >1,000 vertical feet: 5",,,,,,,Number of ski areas with this type of lift,,,,,,,,,,,,,,,,,Current prices,,,,,,,U.S. Total: 11,Canada: 5,"Ski Areas >1,000 vertical feet: 7",,,,,,Les Sommets: 0,Number of ski areas with this type of lift,,,,,,,,,,,,,,,,,Current prices,,,,,,,,,"Total Ski Areas >1,000 vertical feet: 5",,,,,,Number of ski areas with this type of lift,,,,,,,,,,,,,,,,,Current prices,,,,,,,,,,,U.S. Total: 0,,"Ski Areas >1,000 vertical feet: 19",,,,,,California Mountain Resort Company: 0,Public w/Aerial Lifts: 20,Number of ski areas with this type of lift,,,,,,,,,,,,,,,,,Current prices,,,,,,,,,,Ski Areas >1K vert: 9,,,,,,Alterra: 0,Number of ski areas with this type of lift,,,,,,,,,,,,,,,,,Current prices,,,,,,,,,,,,,,,
U.S. West: 50,Europe: 30,Ski Areas >400 acres: 50,,,,,,,Public - Surface Lifts Only: 10,4,24,0,1,1,19,3,60,92,91,130,52,21,12,67,140,,$399,$449,,,,,Eastern North America: 17,Europe: 9,Ski Areas >400 acres: 72,,,,,,Boyne Resorts: 10,11,36,6,2,5,45,7,72,60,56,62,13,1,15,21,80,,"$1,449","$1,019",VARIES,$699,$699,,,East: 3,Midwest: 4,Ski Areas >400 acres: 1,,,,,,Murdock Family: 1,1,1,0,0,0,1,0,4,9,4,3,0,0,1,4,8,,,,,,,,Michigan: 4,Minnesota: 4,Ski Areas >400 acres: 4,,,,,,Boyne Resorts: 0,0,1,0,0,1,5,0,3,6,5,5,1,0,0,6,8,,,,,,,,U.S. West: 0,Europe: 0,"Ski Areas >1,000 vertical feet: 51",,,,,,Resorts of the Canadian Rockies: 6,8,28,4,2,8,23,6,46,47,45,43,20,11,9,22,57,,"$1,119",$829,$676,$507,$699,$597,$485,$665,$458,,,,,,,Eastern North America: 5,Europe: 2,Ski Areas >400 acres: 28,,,,,,Boyne Resorts: 0,6,16,3,0,2,15,5,29,23,17,18,6,1,8,8,28,,$699,"$1,449","$1,019",$507,$699,,,Eastern North America: 2,,Ski Areas >400 acres: 4,,,,,,,0,2,0,0,0,1,1,5,5,3,2,0,0,1,0,4,,$699,"$1,449","$1,019",$507,$699,,,Eastern North America: 16,,Ski Areas >400 acres: 1,,,,,,New York State: 0,0,3,0,1,0,1,0,6,14,8,6,4,1,1,1,16,,$699,"$1,449","$1,019",$507,$699,,,,,Total Ski Areas >400 acres: 0,,,,,,1,0,0,0,4,1,5,10,13,9,2,1,0,2,12,15,,,,,"$1,449","$1,019",,,,,,,U.S. West: 0,,Ski Areas >400 acres: 17,,,,,,,Public - Surface Lifts Only: 2,0,2,0,0,0,2,0,10,12,12,14,3,0,2,4,17,,Varies,$399,$449,,,,,,,,Ski Areas >400 acres: 10,,,,,,Boyne Resorts: 0,1,2,1,0,4,5,1,10,10,9,8,2,0,1,2,11,,"$1,499","$1,089",$759,$679,$509,$499,$389,$629,$30,,"$2,800",,"$1,449","$1,019",,$699
U.S. East: 55,Japan: 29,Total Ski Areas: 233,,,Avg. vert,Total ac,Avg. snow,,Private w/Aerial Lifts: 1,Total lifts of this type across the portfolio,,,,,,,,,,,,,,,,,Number of ski areas on this pass,,,,,,Chile: 1,Australia: 2,Total Ski Areas: 98,,,Avg. vert,Total ac,Avg. snow,Aspen: 4,Total lifts of this type across the portfolio,,,,,,,,,,,,,,,,,Number of ski areas on this pass,,,,,,,U.S. West: 1,Canada West: 1,Total Ski Areas: 9,,,Avg. vert,Total ac,Avg. snow,Independent: 5,Total lifts of this type across the portfolio,,,,,,,,,,,,,,,,,,,,,,,,,Total Ski Areas: 10,,,Avg. vert,Total ac,Avg. snow,Independent: 8,Total lifts of this type across the portfolio,,,,,,,,,,,,,,,,,Current Price,,,,,,U.S. Midwest: 0,Australia: 0,Ski Areas >400 acres: 27,,,Avg. vert,Total ac,Avg. snow,Independent: 17,Total lifts of this type across the portfolio,,,,,,,,,,,,,,,,,Number of ski areas on this pass,,,,,,,,,,,,,,,Chile: 1,Australia: 1,Total Ski Areas: 32,,,Avg. vert,Total ac,Avg. snow,Independent: 44,Total lifts of this type across the portfolio,,,,,,,,,,,,,,,,,Number of ski areas on this pass,,,,,,,,,Total Ski Areas: 5,,,Avg. vert,Total ac,Avg. snow,,Total lifts of this type across the portfolio,,,,,,,,,,,,,,,,,Number of ski areas on this pass,,,,,,,,,Total Ski Areas: 1,,,Avg. vert,Total ac,Avg. snow,Independent: 44,Total lifts of this type across the portfolio,,,,,,,,,,,,,,,,,Number of ski areas on this pass,,,,,,,,,Total Ski Areas 15,,,Avg. vert,Total ac,Avg. snow,Total lifts of this type across the portfolio,,,,,,,,,,,,,,,,,Number of ski areas on this pass,,,,,,,,,,,,,Total Ski Areas: 20,,,Avg. vert,Total ac,Avg. snow,,Private w/Aerial Lifts: 0,Total lifts of this type across the portfolio,,,,,,,,,,,,,,,,,Number of ski areas on this pass,,,,,,,,,,Total Ski Areas: 11,,,Avg. vert,Total ac,Avg. snow,Aspen: 0,Total lifts of this type across the portfolio,,,,,,,,,,,,,,,,,Number of ski areas on this pass,,,,,,,,,,,,,,,
U.S. Midwest: 38,,,,,"1,344","134,561",169,Independent: 179,Private - Surface Lifts Only: 1,4,37,0,1,2,41,3,108,172,169,292,82,100,24,108,247,1938,232,232,40,80,,,Japan: 9,New Zealand: 3,Total Unlimited Ski Areas: 18,,,"2,472","283,902",269,Independent: 35,16,69,6,2,6,99,7,244,160,132,199,20,6,97,34,217,2162,98,80,53,27,,,,,,,,,"1,218","2,406",119,Northland Properties: 1,1,1,0,0,0,1,0,7,25,7,4,0,0,1,11,15,73,,,,,,,,,,,,505,"3,317",111,,0,1,0,0,1,6,0,4,20,6,13,1,0,0,13,12,77,"$1,449","$1,019",,,,,U.S. East: 0,Japan: 0,,,,"2,492","97,443",219,,18,140,4,3,19,141,6,179,111,98,134,71,89,16,46,191,1518,71,52,21,21,9,3,3,2,4,47,32,22,,,,Japan: 1,New Zealand: 2,,,,"3,011","87,159",288,,10,39,3,0,3,42,5,100,77,38,40,9,6,89,14,80,563,31,26,18,10,,,,,,,,,"2,206","6,721",312,,0,2,0,0,0,1,1,14,14,3,3,0,0,1,0,7,46,5,0,0,0,,,,,,,,,"1,024","2,135",109,Snow Partners: 0,0,3,0,1,0,1,0,12,34,13,9,5,1,1,2,30,112,1,1,0,0,,16,,,,,,,916,"3,470",1,1,0,0,0,4,1,8,21,28,20,11,6,0,2,22,125,6,13,10,1,1,0,1,15,15,0,,,,,,,,"1,827","21,894",281,Independent: 58,Private - Surface Lifts Only: 0,0,2,0,0,0,2,0,22,17,27,35,3,0,2,7,37,154,20,14,14,1,,,,,,,,,,"1,917","13,560",256,Independent: 9,1,3,1,0,5,6,1,22,30,26,23,3,0,3,2,28,154,11,3,3,3,3,4,3,3,4,4,11,11,10,10,10,3
Location,Mountain,"YEAR 
JOINED
INDY","Base 
(feet, 
lift-
served)","Summit 
(feet, 
lift-
served)","Lift-
Served 
Vertical 
Drop 
(feet)","Lift-
Served 
Skiable 
Acres","Average 
Snowfall 
(claimed, 
inches)",Owner,Operating Class,Tram,Gondola,Pulse Gondola,Cabriolet,8-pack,6-pack,Chondola,Detach Quad,Fixed Quad,Triple,Double,T-Bar,J-Bar,Poma/platter,Ropetow,Carpet,Total Lifts,Indy,Indy+,Indy Learn-To-Turn,"Ski Area's
Season Pass $",REGION,,Location,Mountain,"YEAR
JOINED
IKON","Base 
(feet, 
lift-
served)","Summit 
(feet, 
lift-
served)","Lift-
Served 
Vertical 
Drop 
(feet)","Lift-
Served 
Skiable 
Acres","Average 
Snowfall 
(claimed, 
inches)",Owner,Tram,Gondola,Pulse Gondola,Cabriolet,8-pack,6-pack,Chondola,Detach Quad,Fixed Quad,Triple,Double,T-Bar,J-Bar,Poma/platter,Ropetow,Carpet,Total Lifts,Ikon,Ikon Base,Ikon Session,Mountain Collective,REGION,"Ski Area's Current
2026-27 Season 
Pass Price",,Location,Mountain,"YEAR
JOINED
IKON","Base 
(feet, 
lift-
served)","Summit 
(feet, 
lift-
served)","Lift-
Served 
Vertical 
Drop 
(feet)","Lift-
Served 
Skiable 
Acres","Average 
Snowfall 
(claimed, 
inches)",Owner,Tram,Gondola,Pulse Gondola,Cabriolet,8-pack,6-pack,Chondola,Detach Quad,Fixed Quad,Triple,Double,T-Bar,J-Bar,Poma/platter,Ropetow,Carpet,Total Lifts,Ikon,Ikon Base,Ikon Session,Mountain Collective,REGION,,Location,Mountain,,"Base 
(feet, 
lift-
served)","Summit 
(feet, 
lift-
served)","Lift-
Served 
Vertical 
Drop 
(feet)","Lift-
Served 
Skiable 
Acres","Average 
Snowfall 
(claimed, 
inches)",Owner,,,,,,,,,,,,,,,,,,,,,,,,Location,Mountain,"Year
Joined
Pass","Base 
(feet, 
lift-
served)","Summit 
(feet, 
lift-
served)","Lift-
Served 
Vertical 
Drop 
(feet)","Lift-
Served 
Skiable 
Acres","Average 
Snowfall 
(claimed, 
inches)",Owner,Tram,Gondola,Pulse Gondola,Cabriolet,8-pack,6-pack,Chondola,Detach Quad,Fixed Quad,Triple,Double,T-Bar,J-Bar,Poma/platter,Ropetow,Carpet,Total Lifts,Epic,Epic Local,"Epic Northeast 
Value","Epic Northeast 
Midweek",Epic Tahoe Local,Epic Tahoe Value,"Epic Keystone 
Plus","Epic Summit 
Value",Epic Ohio,"Epic Day All 
",Epic Day 32 ,Epic Day 22 ,Epic Military,REGION,,Location,Mountain,"YEAR
JOINED
MC","Base 
(feet, 
lift-
served)","Summit 
(feet, 
lift-
served)","Lift-
Served 
Vertical 
Drop 
(feet)","Lift-
Served 
Skiable 
Acres","Average 
Snowfall 
(claimed, 
inches)",Owner,Tram,Gondola,Pulse Gondola,Cabriolet,8-pack,6-pack,Chondola,Detach Quad,Fixed Quad,Triple,Double,T-Bar,J-Bar,Poma/platter,Ropetow,Carpet,Total Lifts,Mountain Collective,Ikon,Ikon Base,Ikon Session,REGION,,,Location,Mountain,"YEAR
JOINED
MC","Base 
(feet, 
lift-
served)","Summit 
(feet, 
lift-
served)","Lift-
Served 
Vertical 
Drop 
(feet)","Lift-
Served 
Skiable 
Acres","Average 
Snowfall 
(claimed, 
inches)",Owner,Tram,Gondola,Pulse Gondola,Cabriolet,8-pack,6-pack,Chondola,Detach Quad,Fixed Quad,Triple,Double,T-Bar,J-Bar,Poma/platter,Ropetow,Carpet,Total Lifts,Mountain Collective,Ikon,Ikon Base,Ikon Session,REGION,,,Location,Mountain,"YEAR
JOINED
MC","Base 
(feet, 
lift-
served)","Summit 
(feet, 
lift-
served)","Lift-
Served 
Vertical 
Drop 
(feet)","Lift-
Served 
Skiable 
Acres","Average 
Snowfall 
(claimed, 
inches)",Owner,Tram,Gondola,Pulse Gondola,Cabriolet,8-pack,6-pack,Chondola,Detach Quad,Fixed Quad,Triple,Double,T-Bar,J-Bar,Poma/platter,Ropetow,Carpet,Total Lifts,"Mountain 
Collective",Ikon,Ikon Base,Ikon Session,REGION,"Snow Triple 
Play East",,Location,Ski Area,"Base 
(feet, 
lift-
served)","Summit 
(feet, 
lift-
served)","Lift-
Served 
Vertical 
Drop 
(feet)","Lift-
Served 
Skiable 
Acres","Average 
Snowfall 
(claimed, 
inches)",Tram,Gondola,Pulse Gondola,Cabriolet,8-pack,6-pack,Chondola,Detach Quad,Fixed Quad,Triple,Double,T-Bar,J-Bar,Poma/platter,Ropetow,Carpet,Total Lifts,Power,Power Pass Select,Power Pass Core,Ikon,Ikon Base,Ikon Session,Mountain Collective,REGION,"ANTICIPATE
OPERATING 26/27?",,,,Location,Mountain,"YEAR 
JOINED
INDY","Base 
(feet, 
lift-
served)","Summit 
(feet, 
lift-
served)","Lift-
Served 
Vertical 
Drop 
(feet)","Lift-
Served 
Skiable 
Acres","Average 
Snowfall 
(claimed, 
inches)",Owner,Operating Class,Tram,Gondola,Pulse Gondola,Cabriolet,8-pack,6-pack,Chondola,Detach Quad,Fixed Quad,Triple,Double,T-Bar,J-Bar,Poma/platter,Ropetow,Carpet,Total Lifts,Powder Alliance,Indy,Indy+,Indy Learn-To-Turn,"Ski Area's
Season Pass $",REGION,"YEAR 
JOINED
POWDER
ALLIANCE",,Location,Mountain,"YEAR
JOINED
IKON","Base 
(feet, 
lift-
served)","Summit 
(feet, 
lift-
served)","Lift-
Served 
Vertical 
Drop 
(feet)","Lift-
Served 
Skiable 
Acres","Average 
Snowfall 
(claimed, 
inches)",Owner,Tram,Gondola,Pulse Gondola,Cabriolet,8-pack,6-pack,Chondola,Detach Quad,Fixed Quad,Triple,Double,T-Bar,J-Bar,Poma/platter,Ropetow,Carpet,Total Lifts,New England Gold Pass,New England Silver Pass,New England Bronze Pass,New England Nitro Unlimited,New England Nitro Limited,New England College,New England College Limited,New England Afternoon,New England Super Senior & Child,New England Day,Boyne Passport,Boyne Freestyle,Ikon,Ikon Base,Ikon Session,Mountain Collective
Canada - Alberta,Castle Mountain,2019,"4,675 ","7,529 ","2,854 ","3,592",335,Independent,,,,,,,,,1,,2,2,1,,,,1,7,2,2,,,Canada - West,,Australia,Mt. Buller,2018,"4,528 ","5,840 ","1,312 ",741,126,Independent,,,,,,2,1,,7,2,1,3,,,1,2,19,"7, 26, 27","5, 26, 27",,"2, 26",Australia,,,Canada - British Columbia,Grouse Mountain,2025,899 ,"4,101 ","3,202 ",212,220,Northland Properties Corporation,1,1,,,,,,2,2,,,,,,1,1,8,2B,,,,Canada - West,,U.S. - Michigan,Boyne Mountain,2018,720 ,"1,140 ",420 ,435,140,Boyne Resorts,,,,,1,1,,,4,1,2,,,,,1,10,7,5B,"1-4, B, S",,U.S. - Midwest,,Australia,Falls Creek,2018,"4,921 ","5,840 ",919 ,"1,112",157,Vail Resorts,,,,,,,,2,5,1,,,,3,,4,15,"U, 27",,,,,,,,,,,,"U, 27",Australia,,Australia,Mt. Buller,2019,"4,528 ","5,840 ","1,312 ",741,126,Independent,,,,,,2,1,,7,2,1,3,,,1,2,19,"2, 26","7, 26, 27","5, 26, 27",,Australia,,,Canada - Alberta,Marmot Basin,2022,,,"3,000 ","1,720",173,Independent,,,,,,,,3,2,1,,,,,,,6,2,,,,Canada - West,,,Canada - Nova Scotia,Ski Martock,,85 ,617 ,532 ,60,100,Cape Smokey Holding,,,,,,,,,1,,,1,,,,1,3,,,,,Canada - East,1-2,,Chile,La Parva,"8,704 ","11,722 ","3,018 ","1,977",300,,,,,,,,,2,2,1,10,,,,,15,"10, S, 26","10, S, 26",,,,,,Chile,Yes,,,,U.S. - Alaska,Eaglecrest,2019,"1,144 ","2,545 ","1,401 ",640,350,Independent,Public w/Aerial Lifts,,,,,,,,,,,4,,,,,,4,3,2,2,,$745.20,U.S. - West,,,Canada - British Columbia,Cypress,2018,,,"2,010 ",600,425,Boyne Resorts,,,,,,,,2,3,,1,,,,,1,7,3,,,,,,,,,,U,"1, -, 8, S",7,5B,"1-4, B, S",
,Pass Powderkeg,2023,"4,570 ","5,380 ",810 ,150,75,Independent,,,,,,,,,,,,,,,,,,0,2,2,,,Canada - West,,,Thredbo,2018,"4,478 ","6,683 ","2,205 ","1,186",78,Independent,,1,,,,,1,2,1,,1,5,,,,3,14,"7, 26, 27","5, B, 26, 27",,,Australia,,,U.S. - Idaho,Tamarack,2026,"4,900 ","7,700 ","2,800 ","1,100",275,Independent,,,,,,,,3,2,,,,,1,,1,7,"2, B",,,,U.S. - West,,U.S. - Michigan,Snowriver: Black River (UP),2026,"1,185 ","1,675 ",490 ,170,204,Midwest Family Ski Resorts,,,,,,,,,,,4,,,,1,,5,"7, S","5, B, S","1-4, B, S",,U.S. - Midwest,,,Hotham,2015,"4,757 ","6,053 ","1,296 ",605,118,Vail Resorts,,,,,,,,,8,1,,2,,,,3,14,"U, 27",,,,,,,,,,,,"U, 27",Australia,,Canada - Alberta,Banff Sunshine,2014,"5,440 ","8,954 ","3,514 ","3,358",360,Independent,,1,,,,1,,6,2,,,,,,,2,12,2,7S,5SB,"1-4, B, S",Canada - West,,,Canada - Quebec,Bromont,2024,541 ,"1,693 ","1,152 ",450,210­,Independent,,,,,,,1,2,4,,1,,,,,3,11,2,,,,Canada - East,,,Canada - Quebec,Sommet Gabriel,,764 ,"1,420 ",656 ,50,,Les Sommets,,,,,,,,,3,,,1,,,,1,5,,,,,Canada - East,1-2,,Chile,Valle Nevado,"9,383 ","12,041 ","2,658 ","2,400",240,,1,,,,,,1,1,1,2,1,6,,,3,16,"10, S, 26","10, S, 26",,"7, 26, 27","5, 26, 27",,"2, 26",Chile,Yes,,,,U.S. - California,Bear Valley,2024,"6,595 ","8,495 ","1,900 ","1,680",352,California Mountain Resort Company,Public w/Aerial Lifts,,,,,,1,,1,1,2,2,,,,,2,9,3B,2B,2,,$579,U.S. - West,,,U.S. - Maine,Pleasant Mountain,,600 ,"1,900 ","1,300 ",249,110,Boyne Resorts,,,,,,,,1,1,2,,,,,,2,6,U,,,,,U,,,U,2-5,U,"1, -, 8, S",,,,
Canada - British Columbia,Apex Mountain,2019,"5,167 ","7,146 ","1,979 ","1,112",224,Independent,Public w/Aerial Lifts,,,,,,,,1,,1,,1,,,,,3,2,2,,,Canada - West,,Canada - Alberta,Banff Sunshine,2018,"5,440 ","8,954 ","3,514 ","3,358",360,Independent,,1,,,,1,,6,2,,,,,,,2,12,7S,5SB,"1-4, B, S",2,Canada - West,,,U.S. - Massachusetts,Butternut,2025,800 ,"1,800 ","1,000 ",110,110,Murdock Family,,,,,,,,,5,,,,,,,4,9,2B,,,,U.S. - East,,U.S. - Michigan,Snowriver: Jackson Creek (UP),2026,"1,214 ","1,752 ",538 ,230,204,Midwest Family Ski Resorts,,,,,,1,,,,,2,1,,,1,1,6,"7, S","5, B, S","1-4, B, S",,U.S. - Midwest,,,Perisher,2015,"5,266 ","6,673 ","1,407 ","3,076",190,Vail Resorts,,,,,1,1,,2,6,1,3,20,2,,2,7,45,"U, 27",,,,,,,,,,,,"U, 27",Australia,,,Lake Louise,2014,"5,400 ","8,650 ","3,250 ","4,200",179,Independent,,1,,,,2,,4,2,1,,,,,,3,13,2,7S,5SB,"1-4, B, S",Canada - West,,,U.S. - California,Sugar Bowl,2022,"6,883 ","8,383 ","1,500 ","1,650",429,Independent,,1,,,,,,5,3,1,,,,1,,1,12,2,,,,U.S. - West,,,,Sommet Morin Heights,,867 ,"1,523 ",656 ,80,79,Les Sommets,,,,,,,,,1,3,,,,,,1,5,,,,,Canada - East,1-2,,U.S. - Arizona,Arizona Snowbowl,"9,200 ","11,500 ","2,300 ",777,242,,,,,,1,1,,3,1,,,,,,2,8,U,12SB,4SB,,,,,U.S. - West,Yes,,,,,China Peak,2020,"7,030 ","8,709 ","1,679 ","1,200",300,California Mountain Resort Company,Public w/Aerial Lifts,,,,,,,,,2,4,,1,,,,4,11,3B,2,2,,$579,U.S. - West,2013,,,Sugarloaf,2018,"1,417 ","4,165 ","2,748 ","1,360",200,Boyne Resorts,,,,,,,,3,3,1,5,2,,,,1,15,U,"U, B","U, B, M",U,"U, B",U,"U, B","U, After 12 p.m.",U,2-5,U,"1, -, 7, S",7,5B,"1-4, B, S",2
,Baldy Mountain Resort,2023,"5,663 ","6,965 ","1,302 ",600,275,Independent,Public w/Aerial Lifts,,,,,,,,,1,,1,1,,,,,3,2,2,,,Canada - West,,,Lake Louise,2018,"5,400 ","8,650 ","3,250 ","4,200",179,Independent,,1,,,,2,,4,2,1,,,,,,3,13,7S,5SB,"1-4, B, S",2,Canada - West,,,,Jiminy Peak,2025,"1,230 ","2,380 ","1,150 ",167.4,100,Fairbank Group,,,,,,1,,,2,3,1,,,,,2,9,2B,,,,U.S. - East,,U.S. - Michigan,The Highlands ,2018,805 ,"1,318 ",513 ,435,140,Boyne Resorts,,,,,,1,,1,3,1,,,,,1,2,9,7,5B,"1-4, B, S",,U.S. - Midwest,,Canada - Alberta,Nakiska,2017,"5,003 ","7,415 ","2,411 ","1,021",100,Resorts of the Canadian Rockies,,,,,,,,3,,,1,,,1,,,5,7S,,,,,,,,,4-7,,,,Canada - West,,,Marmot Basin,2022,,,"3,000 ","1,720",173,Independent,,,,,,,,3,2,1,,,,,,,6,2,,,,Canada - West,,,U.S. - New York,Whiteface,2025,"1,220 ","4,386 ","3,166 ",299,181,New York State,,1,,,,,,2,3,1,2,,,,,2,11,2,,,,U.S. - East,,,,Sommet Olympia,,967 ,"1,523 ",556 ,80,,Les Sommets,,,,,,,,,3,,,2,,,,1,6,,,,,Canada - East,1-2,,U.S. - Colorado,Loveland Basin,"10,800 ","12,690 ","1,890 ","1,800",337,,,,,,,,1,2,4,,,,,,,7,3S,,,,,,,U.S. - West,Yes,,,,,Dodge Ridge,2022,"6,600 ","8,200 ","1,600 ",862,300,California Mountain Resort Company,Public w/Aerial Lifts,,,,,,,,,1,3,3,1,,,1,2,11,3B,2B,2,,$579,U.S. - West,,,,Sunday River,2018,800 ,"3,150 ","2,350 ","1,184",167,Boyne Resorts,,,,,1,1,1,2,5,5,1,1,,,,3,20,U,"U, B","U, B, M",U,"U, B",U,"U, B","U, After 12 p.m.",U,2-5,U,"1, -, 7, S",7,5B,"1-4, B, S",2
,Big White,2023,"4,951 ","7,608 ","2,657 ","2,765",294,Independent,Public w/Aerial Lifts,,1,,,,1,,4,2,,3,1,,,,,12,2B,2,,,Canada - West,,,Mt. Norquay,2018,"5,350 ","6,998 ","1,648 ",190,120,Independent,,,,,,,,1,2,,1,,,,,2,6,7S,5SB,"1-4, B, S",,Canada - West,,,U.S. - Minnesota,Buck Hill,2025,919 ,"1,225 ",306 ,45,60,Independent,,,,,,,,,2,1,,,,,4,2,9,2B,,,,U.S. - Midwest,,U.S. - Minnesota,Buck Hill,2025,919 ,"1,225 ",306 ,45,60,Independent,,,,,,,,,2,1,,,,,4,2,9,2B,,,,U.S. - Midwest,,Canada - British Columbia,Fernie,2017,"3,450 ","7,000 ","3,550 ","2,500",360,Resorts of the Canadian Rockies,,,,,,,,2,2,3,,1,,1,,1,10,7S,,,,,,,,,4-7,,,,Canada - West,,Canada - British Columbia,Panorama,2020,"3,773 ","7,792 ","4,265  Total",,,,,,,,,,,,,,,,,,,,,,,,,,,,U.S. - Wyoming,Grand Targhee,2020,"7,650 ","9,862 ","2,212 ","2,602",465,Independent,,,,,,1,,2,2,,,,,,,1,6,2,,,,U.S. - West,,,,Sommet Saint-Sauveur (inc. Versant Avila),,666 ,"1,365 ",699 ,142,100,Les Sommets,,,,,,1,,3,2,,1,,,,,1,8,,,,,Canada - East,1-2,,U.S. - Colorado,Loveland Valley,"10,640 ","11,450 ",810 ,,,,,,,,,,,2,,,,,,,2,4,3S,,,,,,,U.S. - West,Yes,,,,,Mountain  High: West,2022,"7,000 ","8,000 ","1,000 ",145,117,California Mountain Resort Company,Public w/Aerial Lifts,,,,,,,,1,,3,2,,,,,2,8,3SB,2SB,2S,,$579,U.S. - West,2013,,U.S. - Michigan,Boyne Mountain,2018,720 ,"1,140 ",420 ,435,140,Boyne Resorts,,,,,1,1,,,4,1,2,,,,,1,10,3,,,,,,,,,,U,"1, -, 7, S",7,5B,"1-4, B, S",
,Fairmont Hot Springs,2023,"4,200 ","5,200 ","1,000 ",88,100,Independent,Public w/Aerial Lifts,,,,,,,,,,1,,,,1,,,2,2,2,,,Canada - West,,Canada - British Columbia,Cypress,2018,,,"2,010 ",600,425,Boyne Resorts,,,,,,,,2,3,,1,,,,,1,7,7,5B,"1-4, B, S",,Canada - West,,,,Giants Ridge,2026,"1,472 ","1,972 ",500 ,202,62,Independent,,,,,,,,1,1,1,2,,,,,2,7,2B,,,,U.S. - Midwest,,U.S. - Minnesota,Giants Ridge,2026,"1,472 ","1,972 ",500 ,202,62,Independent,,,,,,,,1,1,1,2,,,,,2,7,2B,,,,U.S. - Midwest,,,Kicking Horse,2017,"3,904 ","8,038 ","4,314 ","3,400",288,Resorts of the Canadian Rockies,,1,,,,,,,2,,1,,,,,,4,7S,,,,,,,,,4-7,,,,Canada - West,,,Revelstoke,2013,"1,680 ","7,300 ","5,620 ","3,121",540,Northland Properties Corporation,,1,,,,,,2,1,,,,,,,1,5,2,7,5B,"1-4, B, S",Canada - West,,,,,,,,,,,,,,,,,,,,,,,,,,,,,,,,,,,,U.S. - Connecticut,Mount Southington,,200 ,554 ,354 ,51,40,Independent,,,,,,,,,,3,1,,,,,3,7,,,,,U.S. - East,1-2,,U.S. - Colorado,Monarch,"10,727 ","11,824 ","1,097 ","1,017",308,,,,,,,,,1,1,4,,,,,2,8,3,3,3,,,,,U.S. - West,Yes,,,,,Mountain High: East,2022,"6,600 ","8,200 ","1,600 ",145,117,California Mountain Resort Company,Public w/Aerial Lifts,,,,,,,,1,1,,2,,,,,1,5,3SB,2SB,2S,,$579,U.S. - West,2013,,,The Highlands ,2018,805 ,"1,318 ",513 ,435,140,Boyne Resorts,,,,,,1,,1,3,1,,,,,1,2,9,3,,,,,,,,,,U,"1, -, 7, S",7,5B,"1-4, B, S",
,Hudson Bay Mountain,2023,"3,701 ","5,499 ","1,798 ",700,160,Independent,Public w/Aerial Lifts,,,,,,,,,,1,,2,,,,,3,2,2,,,Canada - West,,,Grouse Mountain,2025,899 ,"4,101 ","3,202 ",212,220,Northland Properties Corporation,1,1,,,,,,2,2,,,,,,1,1,8,2B,,,,Canada - West,,,,Wild Mountain,2025,813 ,"1,113 ",300 ,100,50,Independent,,,,,,,,,4,,,,,,4,1,9,2B,,,,U.S. - Midwest,,U.S. - Minnesota,Lutsen Mountains,2026,863 ,"1,688 ",825 ,"1,000",120,Midwest Family Ski Resorts,,1,,,,2,,,,,3,,,,,1,7,7,"5, B","1-4, B, S",,U.S. - Midwest,,,Kimberley,2017,"4,035 ","6,503 ","2,465 ","1,800",156,Resorts of the Canadian Rockies,,,,,,,,1,,1,1,1,,,,,4,7S,,,,,,,,,4-7,,,,Canada - West,,,Sun Peaks,2020,"4,117 ","7,060 ","2,894 ","4,270",237,Nippon Cable,,,,,,,,4,4,,,,,2,,4,14,2,7,5B,"1-4, B, S",Canada - West,,,,,,,,,,,,,,,,,,,,,,,,,,,,,,,,,,,,U.S. - Maine,Pleasant Mountain,,600 ,"1,900 ","1,300 ",249,110,Boyne Resorts,,,,,,,,1,1,2,,,,,,2,6,,,,,U.S. - East,1-2,,U.S. - Colorado,Purgatory,"8,750 ","10,822 ","2,072 ","1,635",261,,,,,,1,,2,,4,3,,,,,2,12,U,12SB,4SB,,,,,U.S. - West,Yes,,,,,Mt. Shasta,2019,"5,500 ","7,536 ","2,036 ",635,157,Independent,Public w/Aerial Lifts,,,,,,,,,1,3,,,,,,2,6,3B,2B,2,,$429,U.S. - West,2023,,U.S. - Montana,Big Sky,2018,"6,800 ","11,166 ","4,366 ","5,850",291,Boyne Resorts,1,2,,,2,2,,4,3,9,4,,,3,1,8,39,3,,,,,,,,,,U,"1, -, 7, S, B",7,5B,"1-4, B, S",2
,Manning Park,2021,"4,439 ","5,873 ","1,434 ",140,300,Independent,Public w/Aerial Lifts,,,,,,,,,1,,1,1,,,,,3,2B,2,1-3B,,Canada - West,,,Panorama,2022,"3,773 ","7,792 ","4,265 ","2,975",204,Independent,,,1,,,,,2,2,1,1,,,1,,2,10,7,5B,"1-4, B, S",2,Canada - West,,,U.S. - New Hampshire,Cranmore,2025,800 ,"2,000 ","1,200 ",170,120,Fairbank Group,,,,,,,,1,1,2,1,,,,,2,7,2B,,,,U.S. - East,,U.S. - Minnesota,Wild Mountain,2025,813 ,"1,113 ",300 ,100,50,Independent,,,,,,,,,4,,,,,,4,1,9,2B,,,,U.S. - Midwest,,,Whistler Blackcomb,2016,"2,215 ","7,159 ","5,280 ","8,171",404,Vail Resorts,,5,1,,1,4,,8,,3,,2,,,,7,31,U,10SB,,,,,,,,1-7,,,U,Canada - West,,Canada - Quebec,Bromont,2024,541 ,"1,693 ","1,152 ",450,210­,Independent,,,,,,,1,2,4,,1,,,,,3,11,2,,,,Canada - East,,,,,,,,,,,,,,,,,,,,,,,,,,,,,,,,,,,,U.S. - Massachusetts,Butternut,,800 ,"1,800 ","1,000 ",110,110,Murdock Family,,,,,,,,,5,,,,,,,4,9,,2B,,,U.S. - East,1-2B,,U.S. - Nevada,Lee Canyon,"8,510 ","9,370 ",860 ,195,129,,,,,,,,,4,1,,,,,1,1,7,U,12SB,4SB,,,,,U.S. - West,Yes,,,,,Sierra-at-Tahoe,,"6,640 ","8,852 ","2,212 ","2,000",401,Independent,Public w/Aerial Lifts,,,,,,,,3,,1,5,,,,,5,14,3B,,,,$659,U.S. - West,2013,,U.S. - New Hampshire,Loon,2018,950 ,"3,050 ","2,100 ",403,160,Boyne Resorts,,1,1,,1,,,3,2,,4,,,,,3,15,U,"U, B","U, B, M",U,"U, B",U,"U, B","U, After 12 p.m.",U,2-5,U,"1, -, 7, S","7, R","5, R, B","1-4, B, S",
,Mount Washington Alpine,2024,"3,556 ","5,217 ","1,657 ","1,700",457,Pacific Group Resorts,Public w/Aerial Lifts,,,,,,1,,1,2,1,,,,,,,5,2,2,,,Canada - West,,,Red Mountain,2020,"3,888 ","6,801 ","2,919 ","3,850",300,Independent,,,,,,,,,2,3,1,1,,,,1,8,7,5B,"1-4, B, S",,Canada - West,,,U.S. - Wisconsin,Devil’s Head,2026,495 ,995 ,500 ,300,70,Independent,,,,,,,,,6,,,,,,2,,8,"2, B",,,,U.S. - Midwest,,U.S. - Wisconsin,Devil’s Head,2026,495 ,995 ,500 ,300,70,Independent,,,,,,,,,6,,,,,,2,,8,"2, B",,,,U.S. - Midwest,,Canada - Quebec,Mont-Sainte Anne,2017,575 ,"2,625 ","2,050 ",547,209,Resorts of the Canadian Rockies,,1,,,,,,3,1,,,2,,,,2,9,7S,,,,,,,,,4-7,,,,Canada - East,,,Le Massif du Charlevoix,2022,118 ,"2,645 ","2,527 ",406,254,Independent,,1,,,,,,3,,,,,,2,,3,9,2,7,5B,"1-4, B, S",Canada - East,,,,,,,,,,,,,,,,,,,,,,,,,,,,,,,,,,,,U.S. - New Jersey,Big Snow American Dream,,,,160 ,4,0,Snow Partners,,,,,,,,,1,,,,,1,,2,4,,,,,U.S. - East,1-2B,,U.S. - New Mexico,Pajarito,"9,000 ","10,440 ","1,440 ",280,125,,,,,,,,,1,1,3,,,,,1,6,U,U,U,,,,,U.S. - West,Yes,,,,U.S. - Colorado,Loveland Basin,2024,"10,800 ","12,690 ","1,890 ","1,800",337,Independent,Public w/Aerial Lifts,,,,,,,,1,2,4,,,,,,,7,3SB,2S,2S,,$599,U.S. - West,,,U.S. - Utah,Brighton,2018,"8,755 ","10,500 ","1,745 ","1,050",502,Boyne Resorts,,,,,,1,,3,1,1,,,,,,2,8,3,,,,,,,,,,U,"1, -, 7, S",7,5B,"1-4, B, S",
,Murray Ridge,2026,"2,936 ","4,610 ","1,674 ",,,,Public - Surface Lifts Only,,,,,,,,,,,,1,,,1,,2,2,2,,,Canada - West,,,Revelstoke,2018,"1,680 ","7,300 ","5,620 ","3,121",540,Northland Properties Corporation,,1,,,,,,2,1,,,,,,,1,5,7,5B,"1-4, B, S",2,Canada - West,,,,,,,,,,,,,,,,,,,,,,,,,,,,,,,,,,,U.S. - Wisconsin,Granite Peak,2026,"1,242 ","1,900 ",658 ,400,60,Midwest Family Ski Resorts,,,,,,1,,2,,2,,,,,,2,7,7,"5, B","1-4, B, S",,U.S. - Midwest,,,Stoneham,2017,814 ,"1,946 ","1,132 ",336,169,Resorts of the Canadian Rockies,,,,,,,,1,3,,,,,,,2,6,7S,,,,,,,,,4-7,,,,Canada - East,,Chile,Valle Nevado,2015,"9,383 ","12,041 ","2,658 ","2,400",240,Mountain Capital Partners,,1,,,,,,1,1,1,2,1,6,,,3,16,"2, 26","7, 26, 27","5, 26, 27",,Chile,,,,,,,,,,,,,,,,,,,,,,,,,,,,,,,,,,,,,Mountain Creek,,440 ,"1,480 ","1,040 ",167,65,Snow Partners,,,,1,,,,2,2,1,1,,,,,2,9,,,,,U.S. - East,1-2,,U.S. - New Mexico,Sandia Peak,"8,678 ","10,378 ","1,700 ",300,117,1,,,,,,,,,,3,,,,1,,5,U,U,U,,,,,U.S. - West,Yes,,,,,Loveland Valley,2024,"10,640 ","11,450 ",810 ,,,Independent,Public w/Aerial Lifts,,,,,,,,,2,,,,,,,2,4,3SB,2S,2S,,,U.S. - West,,,U.S. - Washington,Snoqualmie: Alpental,2018,"3,140 ","5,420 ","2,280 ",875,428,Boyne Resorts,,,,,,,,1,,3,1,,,,,1,6,"3, S",,,,,,,,,,U,"1, -, 7, S","7, S, R","5, S, R, B","1-4, B, S",
,Phoenix Mountain,2023,"4,147 ","4,800 ",653 ,91,45,Independent,Public - Surface Lifts Only,,,,,,,,,,,,1,,,,,1,2,2,,,Canada - West,,,Silver Star,"2025, 2026","3,789 ","6,283 ","2,494 ","3,304",276,Pacific Group Resorts,,1,,,,1,,2,2,,,1,,,,3,10,7,"5, B","1-4, B, S",,Canada - West,,,,,,,,,,,,,,,,,,,,,,,,,,,,,,,,,,,,,,,,,,,,,,,,,,,,,,,,,,,,,,,,,,,Europe - Austria,Hintertux,2025,"4,921 ","10,663 ","5,742 ",,354,Independent,,6,,,,3,,1,,1,1,7,,,,1,20,5CS,,,,,,,,,,,,,Europe - Austria,,Europe - France,Chamonix Mont-Blanc Valley,2022,"3,396 ","12,392 ","8,996 ","29,405",264,Compagnie des Alps,4,7,1,,,5,,3,11,3,,,,28,3,4,73,2,7,5,,Europe - France,,,,,,,,,,,,,,,,,,,,,,,,,,,,,,,,,,,,U.S. - New York,Belleayre,,"2,025 ","3,429 ","1,404 ",171,141,New York State,,1,,,,,,1,3,,,,,,,4,9,,,,,U.S. - East,1-2MB,,U.S. - New Mexico,Sipapu,"8,200 ","9,255 ","1,055 ",215,185,,,,,,,,,1,2,1,,,,,2,6,U,U,U,,,,,U.S. - West,Yes,,,,,Ski Cooper,,"10,500 ","11,700 ","1,200 ",480,260,Independent,Public w/Aerial Lifts,,,,,,,,,,1,1,1,,1,,1,5,3,,,,$399,U.S. - West,2023,,,Snoqualmie: Summit,2018,"2,610 ","3,865 ","1,255 ","1,119",,Boyne Resorts,,,,,,,,2,5,3,5,,,,,4,19,"3, S",,,,,,,,,,U,"1, -, 7, S","7, S, R","5, S, R, B","1-4, B, S",
,Sasquatch,2020,"3,300 ","4,373 ","1,073 ",205,184,Independent,Public w/Aerial Lifts,,,,,,,,,1,1,1,,,,,,3,2,2,1-3,,Canada - West,,,Sun Peaks,2022,"4,117 ","7,060 ","2,894 ","4,270",237,Nippon Cable,,,,,,,,4,4,,,,,2,,4,14,7,5B,"1-4, B, S",2,Canada - West,,,,,,,,,,,,,,,,,,,,,,,,,,,,,,,,,,,,,,,,,,,,,,,,,,,,,,,,,,,,,,,,,,,,Kitzsteinhorn,2025,"2,526 ","9,938 ","7,412 ",,295,Independent,1,5,,,,3,1,1,,,1,4,5,,,,23,5S,,,,,,,,,,,,,Europe - Austria,,,Megève,2024,"3,652 ","6,608 ","2,956 ",,126,Compagnie des Alps,2,10,,,,12,,6,12,2,2,,,49,5,8,108,2,7,5,,Europe - France,,,,,,,,,,,,,,,,,,,,,,,,,,,,,,,,,,,,,Gore,,998 ,"3,560 ","2,562 ",453,125,New York State,,1,,,,,,3,6,1,,,1,,,2,14,,,,,U.S. - East,1-2MB,,U.S. - Oregon,Willamette Pass,"5,120 ","6,683 ","1,563 ",555,375,,,,,,1,,,,4,,,,,,1,6,U,U,UB,,,,,U.S. - West,Yes,,,,U.S. - Idaho,Bogus Basin,,"5,790 ","7,590 ","1,800 ","2,600",248,Independent,Public w/Aerial Lifts,,,,,,,,4,2,,1,,,,,3,10,3,,,,$549,U.S. - West,,,,,,,,,,,,,,,,,,,,,,,,,,,,,,,,,,,,,,,,,,,,
,Shames Mountain,2023,"2,300 ","3,901 ","1,601 ",252,480,Independent,Public w/Aerial Lifts,,,,,,,,,,,1,1,,,,,2,2,2,,,Canada - West,,Canada - Ontario,Blue Mountain,2018,750 ,"1,480 ",730 ,365,154,Alterra ,,,,,,5,,,1,1,,,,,,4,11,U,U,"1-4, B, S",,Canada - East,"$1,279",,,,,,,,,,,,,,,,,,,,,,,,,,,,,,,,,,,,,,,,,,,,,,,,,,,,,,,,,,,,,,,,,,,Mayrhofen,2025,"2,034 ","8,114 ","6,080 ",,315,Independent,2,6,,,3,11,1,3,,,,5,6,,7,16,60,5CS,,,,,,,,,,,,,Europe - Austria,,Japan (Hokkaido),Niseko United,2018,853 ,"3,937 ","3,084 ","2,150",669,Independent,,6,,,,2,1,5,1,,12,,,,,7,37,2,7,5B,"1-4, B, S",Japan (Hokkaido),,,,,,,,,,,,,,,,,,,,,,,,,,,,,,,,,,,,,Kissing Bridge,,"1,200 ","1,750 ",550 ,,180,Independent,,,,,,,,,2,1,3,,,,2,1,9,,,,,U.S. - East,1-2,,U.S. - Utah,Brian Head,"9,600 ","10,920 ","1,320 ",650,301,,,,,,,,2,,5,1,,,,,2,10,U,U,4SB,,,,,U.S. - West,Yes,,,,,Silver Mountain,2019,"4,100 ","6,300 ","2,200 ","1,600",328,CMR Lands,Public w/Aerial Lifts,,1,,,,,,,1,2,2,,,,,,6,3B,2B,2,,$509,U.S. - West,,,,,,,,,,,,,,,,,,,,,,,,,,,,,,,,,,,,,,,,,,,,
Canada - Newfoundland & Labrador,Marble Mountain,2025,33 ,"1,791 ","1,758 ",230,168,Independent,,,,,,,,,1,2,,,,,,,2,5,2B,2,,,Canada - East,,Canada - Quebec,Le Massif du Charlevoix,2025,118 ,"2,645 ","2,527 ",406,254,Independent,,1,,,,,,3,,,,,,2,,3,9,7,5B,"1-4, B, S",2,Canada - East,,,,,,,,,,,,,,,,,,,,,,,,,,,,,,,,,,,,,,,,,,,,,,,,,,,,,,,,,,,,,,,,,,,,Saalbach,2025,"2,608 ","6,890 ","4,282 ",,236,Independent,,29,,,6,12,,2,2,,,3,12,,2,1,69,5S,,,,,,,,,,,,,Europe - Austria,,New Zealand,Coronet Peak,2016,"3,829 ","5,344 ","1,516 ",692,79,Independent,,,,,,1,1,1,,,,1,,,,4,8,"2, S, 26","7, S, 26, 27","5, S, 26, 27",,New Zealand,,,,,,,,,,,,,,,,,,,,,,,,,,,,,,,,,,,,,Oak Mountain,,"1,750 ","2,400 ",650 ,100,120,Independent,,,,,,,,,1,,,1,,,,2,4,,,,,U.S. - East,1-2B,,U.S. - Utah,Nordic Valley,"5,365 ","7,060 ","1,695 ",500,275,,,,,,1,,,,1,2,,,,,1,5,U,U,UB,,,,,U.S. - West,Yes,,,,U.S. - Montana,Blacktail,2022,"5,236 ","6,676 ","1,440 ","1,000",250,Larry Scrivanich,Public w/Aerial Lifts,,,,,,,,,,1,2,,,,,1,4,3B,2,2,1-3,$489,U.S. - West,,,,,,,,,,,,,,,,,,,,,,,,,,,,,,,,,,,,,,,,,,,,
,Smokey Mountain Ski Club,2025,"1,952 ","2,772 ",820 ,80,118,Independent,,,,,,,,,,1,,,,,2,,1,4,2,2,1-3,,Canada - East,,,Mont Tremblant,2018,,,"2,116 ",755,192,Alterra ,,2,,1,,,,6,2,1,,,,,,2,14,U,U,"1-4, B, S",,Canada - East,"$1,279",,,,,,,,,,,,,,,,,,,,,,,,,,,,,,,,,,,,,,,,,,,,,,,,,,,,,,,,,,,,,,,,,,,Silvretta Montafon,2025,"2,297 ","7,972 ","5,675 ",,180,Independent,2,8,,,3,5,,,3,,6,2,2,,1,2,35,5C,,,,,,,,,,,,,Europe - Austria,,,The Remarkables,2016,"5,282 ","6,375 ","1,093 ",951,146,Independent,,,,,,3,,,1,,,,,,,3,7,"2, S, 26","7, S, 26, 27","5, S, 26, 27",,New Zealand,,,,,,,,,,,,,,,,,,,,,,,,,,,,,,,,,,,,,Plattekill,,"2,400 ","3,500 ","1,100 ",119,175,Independent,,,,,,,,,,1,1,,,,,1,3,,,,,U.S. - East,1-2B,,U.S. - Utah,Sundance,"6,100 ","8,250 ","2,150 ",520,275,,,,,,,,2,4,1,,,,,,3,10,3,3,,,,,,U.S. - West,Yes,,,,U.S. - New Mexico,Angel Fire Resort,,"8,600 ","10,677 ","2,077 ",560,210,Independent,Public w/Aerial Lifts,,,,,,1,,2,1,,2,,,,,2,8,3,,,,,U.S. - West,2013,,,,,,,,,,,,,,,,,,,,,,,,,,,,,,,,,,,,,,,,,,,
Canada - Nova Scotia,Cape Smokey,2024,50 ,"1,050 ","1,000 ",150,236,Cape Smokey Holding,,,1,,,,,,,,,,,,1,,,2,2,2,,,Canada - East,,Chile,Valle Nevado,2018,"9,383 ","12,041 ","2,658 ","2,400",240,Mountain Capital Partners,,1,,,,,,1,1,1,2,1,6,,,3,16,"7, 26, 27","5, 26, 27",,"2, 26",Chile,,,,,,,,,,,,,,,,,,,,,,,,,,,,,,,,,,,,,,,,,,,,,,,,,,,,,,,,,,,,,,,,,,,,Ski Arlberg,2016,"4,278 ","9,222 ","4,944 ",,355,Independent,5,12,,,1,17,1,9,4,,11,6,15,,3,1,85,3CLo,,,,,,,,,,,,,Europe - Austria,,U.S. - California,Sugar Bowl,2022,"6,883 ","8,383 ","1,500 ","1,650",429,Independent,,1,,,,,,5,3,1,,,,1,,1,12,2,,,,U.S. - West,,,,,,,,,,,,,,,,,,,,,,,,,,,,,,,,,,,,,Whiteface,2025,"1,220 ","4,386 ","3,166 ",299,181,New York State,,1,,,,,,2,3,1,2,,,,,2,11,2,,,,U.S. - East,1-2B,,,,,,,,,,,,,,,,,,,,,,,,,,,,,,,,,,,,,,U.S. - Oregon,Mount Hood Skibowl,,"3,650 ","5,027 ","1,377 ",960,250,Independent,Public w/Aerial Lifts,,,,,,,,,,,4,,,1,2,2,9,3B,,,,,U.S. - West,2013,,,,,,,,,,,,,,,,,,,,,,,,,,,,,,,,,,,,,,,,,,,
Canada - Ontario,Calabogie Peaks,2022,505 ,"1,285 ",780 ,80,37,Independent,,,,,,,,,,2,,,,,,,1,3,2,2,,,Canada - East,,China - Heibei,Yunding Snow Park (Genting Resort Secret Garden),2025,"5,584 ","6,890 ","1,306 ",257,394,Independent,,,,,,1,1,2,1,,,,,,,3,8,7,5,,,Asia,,,,,,,,,,,,,,,,,,,,,,,,,,,,,,,,,,,,,,,,,,,,,,,,,,,,,,,,,,,,,,,,,,,,Sölden,2025,"4,429 ","10,958 ","6,529 ",,230,Independent,,7,,,3,4,,4,1,,1,6,1,,,2,30,5,,,,,,,,,,,,,Europe - Austria,,U.S. - Colorado,Aspen Highlands,2012,"8,040 ","11,675 ","3,635 ","1,010",260,Aspen Skiing Company,,,,,,,,3,,2,1,,,,,,6,2S,7S,,,U.S. - West,,,,,,,,,,,,,,,,,,,,,,,,,,,,,,,,,,,,,,,,,,,,,,,,,,,,,,,,,,,,,,,,,,,,,,,,,,,,,,,,,,,,,,,,,,,,,,,,,,,,,,,,,,Timberline Lodge ,,"3,985 ","8,484 ","4,499 ","1,685",540,Independent,Public w/Aerial Lifts,,,,,,,,6,,,2,,,,,1,9,3B,,,,,U.S. - West,2013,,,,,,,,,,,,,,,,,,,,,,,,,,,,,,,,,,,,,,,,,,,
,Hockley Valley,2025,"1,014 ","1,388 ",374 ,30,100,Independent,Public w/Aerial Lifts,,,,,,,,,2,,,,,,1,1,4,2,2,,,Canada - East,,Europe - Andorra,Grandvalira Resorts,2022,,,"3,312 ","7,599",,Independent,,,,,,,,,,,,,,,,,123,7,5,,,Europe - Andorra,,,,,,,,,,,,,,,,,,,,,,,,,,,,,,,,,,,,,,,,,,,,,,,,,,,,,,,,,,,,,,,,,,,Europe - France,Les 3 Vallées,2016,"3,609 ","10,597 ","6,988 ","29,950",,Compagnie des Alps,4,30,1,2,1,39,,3,,2,,,35,,3,24,149,7C,,,,,,,,,,,,,Europe - France,,,Aspen Mountain,2012,"7,945 ","11,262 ","3,317 ",826,248,Aspen Skiing Company,,1,,,,,,3,,,1,,,,,,6,2S,7S,,,U.S. - West,,,,,,,,,,,,,,,,,,,,,,,,,,,,,,,,,,,,,,,,,,,,,,,,,,,,,,,,,,,,,,,,,,,,,,,,,,,,,,,,,,,,,,,,,,,,,,,,,,,,,,,,,U.S. - Washington,Mission Ridge,2019,"4,570 ","6,820 ","2,250 ","2,000",200,Larry Scrivanich,Public w/Aerial Lifts,,,,,,,,1,,,3,,,,2,1,7,3B,2,2,,$849,U.S. - West,,,,,,,,,,,,,,,,,,,,,,,,,,,,,,,,,,,,,,,,,,,,
,Loch Lomond,2022,699 ,"1,450 ",751 ,70,80,Independent,,,,,,,,,,1,,2,,,,,,3,2,2,,,Canada - East,,Europe - Austria,Ischgl,2025,"4,498 ","9,423 ","4,925 ","1,273",244,Independent,,,,,,,,,,,,,,,,,,7,5,,,Europe - Austria,,,,,,,,,,,,,,,,,,,,,,,,,,,,,,,,,,,,,,,,,,,,,,,,,,,,,,,,,,,,,,,,,,,Europe - Italy,Skirama Dolomiti,2016,,,"5,689 ",,110,Independent,,,,,,,,,,,,,,,,,150,7C,,,,,,,,,,,,,Europe - Italy,,,Buttermilk,2012,"7,870 ","9,900 ","2,030 ",435,200,Aspen Skiing Company,,,,,,,,3,,,1,,,,1,1,6,2S,7S,,,U.S. - West,,,,,,,,,,,,,,,,,,,,,,,,,,,,,,,,,,,,,,,,,,,,,,,,,,,,,,,,,,,,,,,,,,,,,,,,,,,,,,,,,,,,,,,,,,,,,,,,,,,,,,,,,,White Pass,2019,"4,500 ","6,500 ","2,000 ","1,402",400,Independent,Public w/Aerial Lifts,,,,,,,,2,2,1,,,,,,3,8,3B,2B,2,,,U.S. - West,,,,,,,,,,,,,,,,,,,,,,,,,,,,,,,,,,,,,,,,,,,,
,Mt. Baldy ON,2023,"1,600 ","2,076 ",476 ,200,47,Independent,,,,,,,,,,1,,,1,,,1,,3,2,2,,,Canada - East,,,Kitzbühel,2021,"2,625 ","6,575 ","3,950 ","1,421",,Independent,,,,,,,,,,,,,,,,,57,7,5,,,Europe - Austria,,,,,,,,,,,,,,,,,,,,,,,,,,,,,,,,,,,,,,,,,,,,,,,,,,,,,,,,,,,,,,,,,,,Europe - Switzerland,Andermatt-Sedrun,2022,"4,905 ","8,530 ","3,625 ",,263,Vail Resorts,,2,,,,7,,1,,,,1,,,,4,16,U,5S,,,,,,,,1-7,,,U,Europe - Switzerland,,,Snowmass,2012,"8,110 ","12,510 ","4,400 ","3,342",301,Aspen Skiing Company,,1,1,,,3,,6,2,,1,1,,3,,2,20,2S,7S,"5, B",,U.S. - West,,,,,,,,,,,,,,,,,,,,,,,,,,,,,,,,,,,,,,,,,,,,,,,,,,,,,,,,,,,,,,,,,,,,,,,,,,,,,,,,,,,,,,,,,,,,,,,,,,,,,,,,,U.S. - Wyoming,Snow King,2020,"6,237 ","7,808 ","1,571 ",500,225,Independent,Public w/Aerial Lifts,,1,,,,,,,1,2,,,,,2,3,9,3B,2B,2,,$575,U.S. - West,2022,,,,,,,,,,,,,,,,,,,,,,,,,,,,,,,,,,,,,,,,,,,
Canada - Quebec,Camp Fortune,2024,23 ,650 ,627 ,93,71,Sudermann Brothers,Public w/Aerial Lifts,,,,,,,,,4,1,,1,,,,2,8,2,2,,,Canada - East,,Europe - France,Chamonix Mont-Blanc Valley,2022,"3,396 ","12,392 ","8,996 ","29,405",264,Compagnie des Alps,4,7,1,,,5,,3,11,3,,,,28,3,4,73,7,5,,2,Europe - France,,,,,,,,,,,,,,,,,,,,,,,,,,,,,,,,,,,,,,,,,,,,,,,,,,,,,,,,,,,,,,,,,,,,Crans-Montana,2024,"4,905 ","9,603 ","4,698 ",,117,Vail Resorts,,3,,,,3,,3,,,,1,8,,,4,24,U,5,,,,,,,,1-7,,,U,Europe - Switzerland,,U.S. - Idaho,Sun Valley: Bald ,2022,"5,750 ","9,150 ","3,400 ","2,533",193,Holding Family,,1,,,,3,,5,,2,,,,,,1,12,2S,7S,,,U.S. - West,,,,,,,,,,,,,,,,,,,,,,,,,,,,,,,,,,,,,,,,,,,,,,,,,,,,,,,,,,,,,,,,,,,,,,,,,,,,,,,,,,,,,,,,,,,,,,,,,,,,,,,,,,,,,,,,,,,,,,,,,,,,,,,,,,,,,,,,,,,,,,,,,,,,,,,,,,,,,,,,,,,,,,,,,,,,,,,,,,,,,
,Centre Vorlage,2025,361 ,787 ,426 ,80,120,Independent,Public w/Aerial Lifts,,,,,,,,,,,3,,,,,1,4,2,2,1-3B,,Canada - East,,,Megève,2025,"3,652 ","6,608 ","2,956 ",,126,Compagnie des Alps,2,10,,,,12,,6,12,2,2,,,49,5,8,108,7,5,,2,Europe - France,,,,,,,,,,,,,,,,,,,,,,,,,,,,,,,,,,,,,,,,,,,,,,,,,,,,,,,,,,,,,,,,,,,,Disentis,2023,"4,026 ","9,295 ","5,269 ",,263,Independent,2,,,,,,,2,,1,,3,2,,1,1,12,U,5S,,,,,,,,1-7,,,U,Europe - Switzerland,,,Sun Valley: Dollar ,2022,"6,010 ","6,638 ",628 ,296,,Holding Family,,,,,,,,2,,1,1,,,,,1,5,2S,7S,,,U.S. - West,,,,,,,,,,,,,,,,,,,,,,,,,,,,,,,,,,,,,,,,,,,,,,,,,,,,,,,,,,,,,,,,,,,,,,,,,,,,,,,,,,,,,,,,,,,,,,,,,,,,,,,,,,,,,,,,,,,,,,,,,,,,,,,,,,,,,,,,,,,,,,,,,,,,,,,,,,,,,,,,,,,,,,,,,,,,,,,,,,,,,
,Massif du Sud,2024,"1,316 ","3,002 ","1,686 ",331,144,Independent,Public w/Aerial Lifts,,,,,,,,,1,,,,,1,,,2,2,2,1-3B,,Canada - East,,Europe - Italy,Dolomiti Superski,2021,,,"5,954 ","29,652",,Independent,,,,,,,,,,,,,,,,,450,7,5,,,Europe - Italy,,,,,,,,,,,,,,,,,,,,,,,,,,,,,,,,,,,,,,,,,,,,,,,,,,,,,,,,,,,,,,,,,,,,Verbier 4 Vallées,2016,"4,892 ","10,925 ","6,033 ",,240,Independent,,,,,,,,,,,,,,,,,80,5C,5C,,,,,,,,,,,,Europe - Switzerland,,U.S. - Maine,Sugarloaf,2020,"1,417 ","4,165 ","2,748 ","1,360",200,Boyne Resorts,,,,,,,,3,3,1,5,2,,,,1,15,2,7,5B,"1-4, B, S",U.S. - East,,,,,,,,,,,,,,,,,,,,,,,,,,,,,,,,,,,,,,,,,,,,,,,,,,,,,,,,,,,,,,,,,,,,,,,,,,,,,,,,,,,,,,,,,,,,,,,,,,,,,,,,,,,,,,,,,,,,,,,,,,,,,,,,,,,,,,,,,,,,,,,,,,,,,,,,,,,,,,,,,,,,,,,,,,,,,,,,,,,,,
,Mont Edouard,2025,600 ,"2,077 ","1,477 ",200,217,Quebec Mountain Ski Company,Public w/Aerial Lifts,,,,,,,,,2,,,,,,,1,3,2,2,,,Canada - East,,,Valle d'Aosta,2025,,,,,,Independent,,,,,,,,,,,,,,,,,147,7,5,,,Europe - Italy,,,,,,,,,,,,,,,,,,,,,,,,,,,,,,,,,,,,,,,,,,,,,,,,,,,,,,,,,,,,,,,,,,,Japan (Hokkaido),Rusutsu,2018,"1,312 ","3,261 ","1,949 ","2,026",,Kamori Kankō ,,4,,,,,,7,,,6,,,,,4,22,5C,5C,,,,,,,,,,,,Japan (Hokkaido),,,Sunday River,2024,800 ,"3,150 ","2,350 ","1,184",167,Boyne Resorts,,,,,1,1,1,2,5,5,1,1,,,,3,20,2,7,5B,"1-4, B, S",U.S. - East,,,,,,,,,,,,,,,,,,,,,,,,,,,,,,,,,,,,,,,,,,,,,,,,,,,,,,,,,,,,,,,,,,,,,,,,,,,,,,,,,,,,,,,,,,,,,,,,,,,,,,,,,,,,,,,,,,,,,,,,,,,,,,,,,,,,,,,,,,,,,,,,,,,,,,,,,,,,,,,,,,,,,,,,,,,,,,,,,,,,,
,Mont Habitant,2025,551 ,"1,152 ",601 ,55,130,,Public w/Aerial Lifts,,,,,,,,,2,,,,,,,1,3,2,2,,,Canada - East,,Europe - Switzerland,St. Moritz,2024,,,"4,941 ","86,487",369,Independent,,,,,,,,,,,,,,,,,58,7,5,,,Europe - Switzerland,,,,,,,,,,,,,,,,,,,,,,,,,,,,,,,,,,,,,,,,,,,,,,,,,,,,,,,,,,,,,,,,,,,Japan (Nagano),Able Hakuba Goryu Snow Resort,2017,"2,461 ","5,499 ","3,038 ",297,472,Independent,,1,,,,,,3,1,,7,,,,,,13,5CS,5CS,,,,,,,,,,,,Japan (Nagano),,U.S. - Montana,Big Sky,2018,"6,800 ","11,166 ","4,366 ","5,850",291,Boyne Resorts,1,2,,,2,2,,4,3,9,4,,,3,1,8,39,2,7,5B,"1-4, B, S",U.S. - West,,,,,,,,,,,,,,,,,,,,,,,,,,,,,,,,,,,,,,,,,,,,,,,,,,,,,,,,,,,,,,,,,,,,,,,,,,,,,,,,,,,,,,,,,,,,,,,,,,,,,,,,,,,,,,,,,,,,,,,,,,,,,,,,,,,,,,,,,,,,,,,,,,,,,,,,,,,,,,,,,,,,,,,,,,,,,,,,,,,,,
,Mont Rigaud,2024,321 ,728 ,407 ,159,59,Independent,Public w/Aerial Lifts,,,,,,,,,2,,,,,,,2,4,2,2,,,Canada - East,,,Zermatt Matterhorn,2019,"5,315 ","12,740 ","7,425 ","3,500",138,Independent,,,,,,,,,,,,,,,,,,7,5,,,Europe - Switzerland,,,,,,,,,,,,,,,,,,,,,,,,,,,,,,,,,,,,,,,,,,,,,,,,,,,,,,,,,,,,,,,,,,,,Hakuba 47 Winter Sports Park,2017,"2,690 ","5,295 ","2,605 ",79,472,Independent,,1,,,,,,1,,,4,,,,,1,7,5CS,5CS,,,,,,,,,,,,Japan (Nagano),,U.S. - New Mexico,Taos Ski Valley,2015,"9,350 ","12,450 ","3,100 ","1,294",300,Independent,,,1,,,,,2,2,4,1,,,,,3,13,2,7,5B,"1-4, B, S",U.S. - West,,,,,,,,,,,,,,,,,,,,,,,,,,,,,,,,,,,,,,,,,,,,,,,,,,,,,,,,,,,,,,,,,,,,,,,,,,,,,,,,,,,,,,,,,,,,,,,,,,,,,,,,,,,,,,,,,,,,,,,,,,,,,,,,,,,,,,,,,,,,,,,,,,,,,,,,,,,,,,,,,,,,,,,,,,,,,,,,,,,,,
,Mont Sutton,2025,"1,312 ","2,808 ","1,496 ",230,140,Independent,Public w/Aerial Lifts,,,,,,,,1,2,,6,,,,,1,10,2B,2,,,Canada - East,,Japan (Fukushima),Nekoma Mountain,2025,"2,297 ","4,390 ","2,093 ",467,315,Hoshino Resorts,,1,,,,,,2,,,11,,,,,1,16,7,5,,,Japan (Fukushima),,,,,,,,,,,,,,,,,,,,,,,,,,,,,,,,,,,,,,,,,,,,,,,,,,,,,,,,,,,,,,,,,,,,Hakuba Cortina Snow Resort,2017,"2,861 ","4,600 ","1,739 ",124,512,Independent,,,,,,,,2,,,4,,,,,,6,5CS,5CS,,,,,,,,,,,,Japan (Nagano),,U.S. - New York,Whiteface,2025,"1,220 ","4,386 ","3,166 ",299,181,New York State,,1,,,,,,2,3,1,2,,,,,2,11,2,,,,U.S. - East,,,,,,,,,,,,,,,,,,,,,,,,,,,,,,,,,,,,,,,,,,,,,,,,,,,,,,,,,,,,,,,,,,,,,,,,,,,,,,,,,,,,,,,,,,,,,,,,,,,,,,,,,,,,,,,,,,,,,,,,,,,,,,,,,,,,,,,,,,,,,,,,,,,,,,,,,,,,,,,,,,,,,,,,,,,,,,,,,,,,,
,Owl's Head,2025,872 ,"2,480 ","1,608 ",130,175,,Public w/Aerial Lifts,,,,,,,,2,2,,1,,,,,1,6,2,2,,,Canada - East,,Japan (Gunma),Mt. T,2025,"2,461 ","4,928 ","2,467 ",234,650,Hoshino Resorts,,,,,,,,,,,4,,,,,,5,7,5,,,Japan (Gunma),,,,,,,,,,,,,,,,,,,,,,,,,,,,,,,,,,,,,,,,,,,,,,,,,,,,,,,,,,,,,,,,,,,,Hakuba Happo-One Snow Resort,2017,"2,493 ","6,007 ","3,514 ",544,461,Nippon Ski Resort Development,,1,,,,,,5,,3,11,,,,,1,21,5CS,5CS,,,,,,,,,,,,Japan (Nagano),,U.S. - Utah,Alta,2012,"8,530 ","11,068 ","2,538 ","2,614",526,Independent,,,,,,1,,3,1,1,1,,,1,1,2,11,2,7S,,,U.S. - West,,,,,,,,,,,,,,,,,,,,,,,,,,,,,,,,,,,,,,,,,,,,,,,,,,,,,,,,,,,,,,,,,,,,,,,,,,,,,,,,,,,,,,,,,,,,,,,,,,,,,,,,,,,,,,,,,,,,,,,,,,,,,,,,,,,,,,,,,,,,,,,,,,,,,,,,,,,,,,,,,,,,,,,,,,,,,,,,,,,,,
,Val D'Irene,2025,"1,398 ","2,297 ",899 ,72,92,Independent,Public w/Aerial Lifts,,,,,,,,,1,,,1,,,,1,3,2,2,,,Canada - East,,Japan (Hokkaido),Furano,2025,771 ,"3,524 ","2,753 ",479,354,Prince Snow Resorts,1,1,,,,,,2,,,5,,,,,2,11,7,5,,,Japan (Hokkaido),,,,,,,,,,,,,,,,,,,,,,,,,,,,,,,,,,,,,,,,,,,,,,,,,,,,,,,,,,,,,,,,,,,,Hakuba Iwatake Snow Field,2017,"2,461 ","4,229 ","1,768 ",309,433,Nippon Ski Resort Development,,1,,,,,,1,,1,7,,,,,,12,5CS,5CS,,,,,,,,,,,,Japan (Nagano),,,Snowbasin,2022,"6,316 ","9,318 ","3,002 ","3,000",324,Holding Family,1,2,,,,3,,3,,1,,,,,1,2,13,2,7,,,U.S. - West,,,,,,,,,,,,,,,,,,,,,,,,,,,,,,,,,,,,,,,,,,,,,,,,,,,,,,,,,,,,,,,,,,,,,,,,,,,,,,,,,,,,,,,,,,,,,,,,,,,,,,,,,,,,,,,,,,,,,,,,,,,,,,,,,,,,,,,,,,,,,,,,,,,,,,,,,,,,,,,,,,,,,,,,,,,,,,,,,,,,,
,Vallee Bleue,2025,"1,053 ","1,420 ",367 ,50,155,Independent,Public w/Aerial Lifts,,,,,,,,,1,1,,,,,,1,3,2,2,,,Canada - East,,,Niseko United,2018,853 ,"3,937 ","3,084 ","2,150",669,Independent,,6,,,,2,1,5,1,,12,,,,,7,37,7,5B,"1-4, B, S",2,Japan (Hokkaido),,,,,,,,,,,,,,,,,,,,,,,,,,,,,,,,,,,,,,,,,,,,,,,,,,,,,,,,,,,,,,,,,,,,Hakuba Norikura Onsen Snow Resort,2017,"2,625 ","5,243 ","2,618 ",124,433,Independent,,,,,,,,,,,6,,,,,,9,5CS,5CS,,,,,,,,,,,,Japan (Nagano),,,Snowbird,2013,"7,760 ","11,000 ","3,240 ","2,500",498,Powdr,1,,,,,,,6,2,,2,,,,,3,14,2,7S,5B,,U.S. - West,,,,,,,,,,,,,,,,,,,,,,,,,,,,,,,,,,,,,,,,,,,,,,,,,,,,,,,,,,,,,,,,,,,,,,,,,,,,,,,,,,,,,,,,,,,,,,,,,,,,,,,,,,,,,,,,,,,,,,,,,,,,,,,,,,,,,,,,,,,,,,,,,,,,,,,,,,,,,,,,,,,,,,,,,,,,,,,,,,,,,
Chile,Corralco,2025,"4,724 ","7,874 ","3,150 ","2,475",354,Independent,,,,,,,,,1,,,1,,5,,,,7,2,2,,,Chile,,Japan (Iwate),Appi Kogen Resort,2025,"2,034 ","4,278 ","2,244 ",848,315,,,1,,,,,,3,,,4,,,,,,8,7,5,,,Japan (Iwate),,,,,,,,,,,,,,,,,,,,,,,,,,,,,,,,,,,,,,,,,,,,,,,,,,,,,,,,,,,,,,,,,,,,Jiigatake Snow Resort,2017,"3,084 ","3,937 ",853 ,74,,Independent,,,,,,,,,,,4,,,,,1,5,5CS,5CS,,,,,,,,,,,,Japan (Nagano),,U.S. - Wyoming,Grand Targhee,2020,"7,650 ","9,862 ","2,212 ","2,602",465,Independent,,,,,,1,,2,2,,,,,,,1,6,2,,,,U.S. - West,,,,,,,,,,,,,,,,,,,,,,,,,,,,,,,,,,,,,,,,,,,,,,,,,,,,,,,,,,,,,,,,,,,,,,,,,,,,,,,,,,,,,,,,,,,,,,,,,,,,,,,,,,,,,,,,,,,,,,,,,,,,,,,,,,,,,,,,,,,,,,,,,,,,,,,,,,,,,,,,,,,,,,,,,,,,,,,,,,,,,
Europe - Austria,Hochzeiger Bergbahnen Pitztal AG,2025,"4,757 ","8,202 ","3,445 ",,276,,,,,,,,,,,,,,,,,,,9,2B,2,,,Europe - Austria,,Japan (Nagano),Shiga Kogen (18 Combined Ski Areas),2025,"4,364 ","7,569 ","3,205 ","1,500",487,Independent,,5,,,,,,11,1,3,19,,,,,,41,7,5,,,Japan (Nagano),,,,,,,,,,,,,,,,,,,,,,,,,,,,,,,,,,,,,,,,,,,,,,,,,,,,,,,,,,,,,,,,,,,,Kashimayari Ski Resort Family Park,2017,"2,723 ","5,085 ","2,362 ",193,374,Nippon Ski Resort Development,,,,,,,,,3,,5,,,,,,8,5CS,5CS,,,,,,,,,,,,Japan (Nagano),,,Jackson Hole,2012,"6,311 ","10,450 ","4,139 ","2,500",369,Independent,1,2,,,,,,6,3,,1,,,,1,2,16,2,"7, R",,,U.S. - West,,,,,,,,,,,,,,,,,,,,,,,,,,,,,,,,,,,,,,,,,,,,,,,,,,,,,,,,,,,,,,,,,,,,,,,,,,,,,,,,,,,,,,,,,,,,,,,,,,,,,,,,,,,,,,,,,,,,,,,,,,,,,,,,,,,,,,,,,,,,,,,,,,,,,,,,,,,,,,,,,,,,,,,,,,,,,,,,,,,,,
,Innsbruck Ski & City Network,2024,"5,741 ","11,023 ","5,282 ","11,614",248,Independent,,,,,,,,,,,,,,,,,,111,2,2,,,Europe - Austria,,Japan (Niigata),Arai Snow Resort,2022,"1,079 ","4,199 ","3,120 ",520,826,Independent,,1,,,,,,2,,,2,,,,,,5,7,5,,,Japan (Niigata),,,,,,,,,,,,,,,,,,,,,,,,,,,,,,,,,,,,,,,,,,,,,,,,,,,,,,,,,,,,,,,,,,,,Tsugaike Mountain Resort,2017,"2,625 ","5,591 ","2,966 ",484,512,Nippon Ski Resort Development,1,1,,,,,,9,,,5,,,,,1,20,5CS,5CS,,,,,,,,,,,,Japan (Nagano),,,,,,,,,,,,,,,,,,,,,,,,,,,,,,,,,,,,,,,,,,,,,,,,,,,,,,,,,,,,,,,,,,,,,,,,,,,,,,,,,,,,,,,,,,,,,,,,,,,,,,,,,,,,,,,,,,,,,,,,,,,,,,,,,,,,,,,,,,,,,,,,,,,,,,,,,,,,,,,,,,,,,,,,,,,,,,,,,,,,,,,,,,,,,,,,,,,,,,,,,,,,,,,,,,,,,
,Kaunertaler Glacier,2025,"7,054 ","10,213 ","3,159 ",,394,Independent,,,,,,,,,,,,,,,,,,8,2,2,,,Europe - Austria,,,Myoko Suginohara Ski Resort,2025,"2,398 ","6,086 ","3,688 ",222,512,Prince Snow Resorts,,1,,,,,,,2,,2,,,,,,5,7,5,,,Japan (Niigata),,,,,,,,,,,,,,,,,,,,,,,,,,,,,,,,,,,,,,,,,,,,,,,,,,,,,,,,,,,,,,,,,,,,White Resort Hakuba Sanosaka (Sun Alpina Sanosaka),2024,"2,428 ","3,937 ","1,509 ",99,394,Independent,,,,,,,,2,,1,2,,,,,,5,5CS,5CS,,,,,,,,,,,,Japan (Nagano),,,,,,,,,,,,,,,,,,,,,,,,,,,,,,,,,,,,,,,,,,,,,,,,,,,,,,,,,,,,,,,,,,,,,,,,,,,,,,,,,,,,,,,,,,,,,,,,,,,,,,,,,,,,,,,,,,,,,,,,,,,,,,,,,,,,,,,,,,,,,,,,,,,,,,,,,,,,,,,,,,,,,,,,,,,,,,,,,,,,,,,,,,,,,,,,,,,,,,,,,,,,,,,,,,,,,
,Pitztaler Gletscherbahn,2025,"5,512 ","11,286 ","5,774 ",,394,,,1,2,,,,1,,,,,,1,1,,,1,7,2B,2,,,Europe - Austria,,Japan (Yamagata),Zao Onsen,2025,"2,559 ","5,449 ","2,890 ",754,632,Independent,2,1,,,,,,4,,2,25,,,,,,35,7,5,,,Japan (Yamagata),,,,,,,,,,,,,,,,,,,,,,,,,,,,,,,,,,,,,,,,,,,,,,,,,,,,,,,,,,,,,,,,,,,U.S. - California,Heavenly,2008,"6,565 ","10,040 ","3,475 ","4,800",251,Vail Resorts,1,1,,,,2,,8,1,5,2,,,,2,4,26,U,UB,,,UB,UB,,,,1-7,1-7,,U,U.S. - West,,,,,,,,,,,,,,,,,,,,,,,,,,,,,,,,,,,,,,,,,,,,,,,,,,,,,,,,,,,,,,,,,,,,,,,,,,,,,,,,,,,,,,,,,,,,,,,,,,,,,,,,,,,,,,,,,,,,,,,,,,,,,,,,,,,,,,,,,,,,,,,,,,,,,,,,,,,,,,,,,,,,,,,,,,,,,,,,,,,,,,,,,,,,,,,,,,,,,,,,,,,,,,,,,,,,,
,Rauriser-Hochalmbahnen,2025,"3,179 ","7,198 ","4,019 ",,177,Independent,,,,,,,,,,,,,,,,,,10,2,2,,,Europe - Austria,,New Zealand,Coronet Peak,2018,"3,829 ","5,344 ","1,516 ",692,79,Independent,,,,,,1,1,1,,,,1,,,,4,8,"7, S, 26, 27","5, S, 26, 27",,"2, S, 26",New Zealand,,,,,,,,,,,,,,,,,,,,,,,,,,,,,,,,,,,,,,,,,,,,,,,,,,,,,,,,,,,,,,,,,,,,Kirkwood,2012,"7,800 ","9,800 ","2,000 ","2,300",354,Vail Resorts,,,,,,,,2,1,6,1,1,,,,2,13,U,UB,,,UB,UBSa,,,,1-7,1-7,,U,U.S. - West,,,,,,,,,,,,,,,,,,,,,,,,,,,,,,,,,,,,,,,,,,,,,,,,,,,,,,,,,,,,,,,,,,,,,,,,,,,,,,,,,,,,,,,,,,,,,,,,,,,,,,,,,,,,,,,,,,,,,,,,,,,,,,,,,,,,,,,,,,,,,,,,,,,,,,,,,,,,,,,,,,,,,,,,,,,,,,,,,,,,,,,,,,,,,,,,,,,,,,,,,,,,,,,,,,,,,
,Ski Welt,2023,"2,034 ","6,132 ","4,098 ",,157,Independent,,,,,,,,,,,,,,,,,,82,2,2,,,Europe - Austria,,,Mt. Hutt,2018,"4,718 ","6,844 ","2,126 ",902,157,Independent,,,,,1,1,,,,1,,,,,,2,5,"7, S, 26, 27","5, S, 26, 27",,,New Zealand,,,,,,,,,,,,,,,,,,,,,,,,,,,,,,,,,,,,,,,,,,,,,,,,,,,,,,,,,,,,,,,,,,,,Northstar,2010,"6,330 ","8,610 ","2,280 ","3,170",350,Vail Resorts,,1,1,,,1,1,6,1,2,,,,1,1,5,20,U,UB,,,UB,UBSa,,,,1-7,1-7,,U,U.S. - West,,,,,,,,,,,,,,,,,,,,,,,,,,,,,,,,,,,,,,,,,,,,,,,,,,,,,,,,,,,,,,,,,,,,,,,,,,,,,,,,,,,,,,,,,,,,,,,,,,,,,,,,,,,,,,,,,,,,,,,,,,,,,,,,,,,,,,,,,,,,,,,,,,,,,,,,,,,,,,,,,,,,,,,,,,,,,,,,,,,,,,,,,,,,,,,,,,,,,,,,,,,,,,,,,,,,,
,Steinplatte Tyrol,2025,"2,428 ","6,102 ","3,674 ",,,,,,2,,,2,4,,2,1,,,3,,,,,14,2,2,,,Europe - Austria,,,The Remarkables,2018,"5,282 ","6,375 ","1,093 ",951,146,Independent,,,,,,3,,,1,,,,,,,3,7,"7, S, 26, 27","5, S, 26, 27",,"2, S, 26",New Zealand,,,,,,,,,,,,,,,,,,,,,,,,,,,,,,,,,,,,,,,,,,,,,,,,,,,,,,,,,,,,,,,,,,,U.S. - Colorado,Beaver Creek,2008,"8,100 ","11,440 ","3,340 ","2,082",323,Vail Resorts,,2,,,,,1,12,1,1,1,,,,,7,25,U,10SB,,,5SB,,,,,1-7,,,U,U.S. - West,,,,,,,,,,,,,,,,,,,,,,,,,,,,,,,,,,,,,,,,,,,,,,,,,,,,,,,,,,,,,,,,,,,,,,,,,,,,,,,,,,,,,,,,,,,,,,,,,,,,,,,,,,,,,,,,,,,,,,,,,,,,,,,,,,,,,,,,,,,,,,,,,,,,,,,,,,,,,,,,,,,,,,,,,,,,,,,,,,,,,,,,,,,,,,,,,,,,,,,,,,,,,,,,,,,,,
Europe - Finland,"Levi, Finland",2025,676 ,"1,742 ","1,066 ",370,50,,,,,,,,,,,,,,,,,,,26,2B,2,,,Europe - Finland,,South Korea,Mona Yongpyong,2025,"2,444 ","4,783 ","2,339 ",,81,Independent,,1,,,,2,,3,4,2,2,,,,,1,15,7,5,,,Asia,,,,,,,,,,,,,,,,,,,,,,,,,,,,,,,,,,,,,,,,,,,,,,,,,,,,,,,,,,,,,,,,,,,,Breckenridge,2008,"9,600 ","12,840 ","3,240 ","2,908",355,Vail Resorts,,1,,,,5,,8,1,1,4,1,,3,,11,35,U,U,,,5SB,,UA,UB,,1-7,,,U,U.S. - West,,,,,,,,,,,,,,,,,,,,,,,,,,,,,,,,,,,,,,,,,,,,,,,,,,,,,,,,,,,,,,,,,,,,,,,,,,,,,,,,,,,,,,,,,,,,,,,,,,,,,,,,,,,,,,,,,,,,,,,,,,,,,,,,,,,,,,,,,,,,,,,,,,,,,,,,,,,,,,,,,,,,,,,,,,,,,,,,,,,,,,,,,,,,,,,,,,,,,,,,,,,,,,,,,,,,,
Europe - France,Les 7 Laux,2026,"4,429 ","7,874 ","3,445 ",,,,,,,,,,3,1,2,3,,,3,10,,,2,24,2,2,,,Europe - France,,U.S. - Alaska,Alyeska,2023,269 ,"2,756 ","2,487 ","1,610",669,Independent,1,,,,,,,2,2,,,,,,,2,7,7,5,"1-4, B, S",,U.S. - West,,,,,,,,,,,,,,,,,,,,,,,,,,,,,,,,,,,,,,,,,,,,,,,,,,,,,,,,,,,,,,,,,,,,Crested Butte,2018,"9,375 ","11,877 ","2,502 ","1,547",236,Vail Resorts,,,,,,,,4,3,3,,2,,,,3,15,U,U,,,5SB,,5B,,,1-7,1-7,,U,U.S. - West,,,,,,,,,,,,,,,,,,,,,,,,,,,,,,,,,,,,,,,,,,,,,,,,,,,,,,,,,,,,,,,,,,,,,,,,,,,,,,,,,,,,,,,,,,,,,,,,,,,,,,,,,,,,,,,,,,,,,,,,,,,,,,,,,,,,,,,,,,,,,,,,,,,,,,,,,,,,,,,,,,,,,,,,,,,,,,,,,,,,,,,,,,,,,,,,,,,,,,,,,,,,,,,,,,,,,
,Les Contamines Montjoie (inc. Hauteluce for lifts),2026,"3,819 ","8,159 ","4,341 ",,,,,,4,,,,3,,3,2,,,,,12,,,24,2,2,,,Europe - France,,U.S. - California,Bear Mountain (Big Bear),2018,"7,140 ","8,805 ","1,665 ",198,114,Alterra ,,,,,,1,,2,,2,2,,,,,4,11,U,U,"1-4, B, S",,U.S. - West,$639,,,,,,,,,,,,,,,,,,,,,,,,,,,,,,,,,,,,,,,,,,,,,,,,,,,,,,,,,,,,,,,,,,,Keystone,2008,"9,280 ","12,200 ","2,920 ","3,149",235,Vail Resorts,,2,,,,4,,3,1,1,2,,,,,7,20,U,U,,,5SB,,UB,U,,1-7,1-7,,U,U.S. - West,,,,,,,,,,,,,,,,,,,,,,,,,,,,,,,,,,,,,,,,,,,,,,,,,,,,,,,,,,,,,,,,,,,,,,,,,,,,,,,,,,,,,,,,,,,,,,,,,,,,,,,,,,,,,,,,,,,,,,,,,,,,,,,,,,,,,,,,,,,,,,,,,,,,,,,,,,,,,,,,,,,,,,,,,,,,,,,,,,,,,,,,,,,,,,,,,,,,,,,,,,,,,,,,,,,,,
,Valmorel (Le Grand Domaine),2026,"4,101 ","8,248 ","4,147 ",,,,,,3,,1,,7,,1,5,,1,,25,,1,2,46,2,2,,,Europe - France,,,June Mountain,2018,"7,545 ","10,090 ","2,545 ","1,500",276,Alterra ,,,,,,,,2,,,4,,,,,1,7,U,UB,"1-4, B, S",,U.S. - West,$669,,,,,,,,,,,,,,,,,,,,,,,,,,,,,,,,,,,,,,,,,,,,,,,,,,,,,,,,,,,,,,,,,,,Telluride,2018,"8,725 ","12,515 ","3,790 ","2,000",280,Independent,,2,,,,,1,7,1,1,2,,,2,,3,19,7,,,,,,,,,4-7,,,,U.S. - West,,,,,,,,,,,,,,,,,,,,,,,,,,,,,,,,,,,,,,,,,,,,,,,,,,,,,,,,,,,,,,,,,,,,,,,,,,,,,,,,,,,,,,,,,,,,,,,,,,,,,,,,,,,,,,,,,,,,,,,,,,,,,,,,,,,,,,,,,,,,,,,,,,,,,,,,,,,,,,,,,,,,,,,,,,,,,,,,,,,,,,,,,,,,,,,,,,,,,,,,,,,,,,,,,,,,,
Europe - Germany,Oberstdorf-Kleinwalsertal,2025,"2,664 ","7,296 ","4,632 ","19,136",120,,,,,,,,,,,,,,,,,,,48,2,2,,,Europe - Germany,,,Mammoth,2018,"7,953 ","11,053 ","3,100 ","3,500",357,Alterra ,,2,,,,4,,8,1,6,3,,,1,,2,27,U,UB,"1-4, B, S",,U.S. - West,"$1,449",,,,,,,,,,,,,,,,,,,,,,,,,,,,,,,,,,,,,,,,,,,,,,,,,,,,,,,,,,,,,,,,,,,Vail Mountain    ,2008,"8,120 ","11,570 ","3,450 ","5,317",354,Vail Resorts,,2,,,,4,,14,1,2,,1,,3,,5,32,U,10SB,,,5SB,,,,,1-7,,,U,U.S. - West,,,,,,,,,,,,,,,,,,,,,,,,,,,,,,,,,,,,,,,,,,,,,,,,,,,,,,,,,,,,,,,,,,,,,,,,,,,,,,,,,,,,,,,,,,,,,,,,,,,,,,,,,,,,,,,,,,,,,,,,,,,,,,,,,,,,,,,,,,,,,,,,,,,,,,,,,,,,,,,,,,,,,,,,,,,,,,,,,,,,,,,,,,,,,,,,,,,,,,,,,,,,,,,,,,,,,
Europe - Italy,Pila,2025,"5,790 ","8,887 ","3,097 ",865,97,Independent,,,,,,,,,,,,,,,,,,14,2,2,,,Europe - Italy,,,Palisades Tahoe: Alpine Meadows,2018,"6,835 ","8,637 ","1,802 ","2,400",364,Alterra ,,,,,,1,,3,,2,5,,,,,2,13,U,UB,"1-4, B, S",,U.S. - West,"$1,449",,,,,,,,,,,,,,,,,,,,,,,,,,,,,,,,,,,,,,,,,,,,,,,,,,,,,,,,,,,,,,,,,,U.S. - Indiana,Paoli Peaks,2019,600 ,900 ,300 ,65,18,Vail Resorts,,,,,,,,,1,3,1,,,,,2,7,U,U,,,,,,,,1-7,1-7,1-7,U,U.S. - Midwest,,,,,,,,,,,,,,,,,,,,,,,,,,,,,,,,,,,,,,,,,,,,,,,,,,,,,,,,,,,,,,,,,,,,,,,,,,,,,,,,,,,,,,,,,,,,,,,,,,,,,,,,,,,,,,,,,,,,,,,,,,,,,,,,,,,,,,,,,,,,,,,,,,,,,,,,,,,,,,,,,,,,,,,,,,,,,,,,,,,,,,,,,,,,,,,,,,,,,,,,,,,,,,,,,,,,,
Europe - Norway,Norejfell,2025,584 ,"3,898 ","3,314 ",,71,,,,,,,,1,,1,,,1,5,4,,1,2,15,2,2,,,Europe - Norway,,,Palisades Tahoe: Olympic ,2018,"6,200 ","9,050 ","2,850 ","3,600",364,Alterra ,1,2,,,,7,,2,1,8,3,,,,,7,31,U,UB,"1-4, B, S",,U.S. - West,"$1,449",,,,,,,,,,,,,,,,,,,,,,,,,,,,,,,,,,,,,,,,,,,,,,,,,,,,,,,,,,,,,,,,,,U.S. - Michigan,Mount Brighton,2013,"1,100 ","1,330 ",230 ,130,60,Vail Resorts,,,,,,,,,2,3,,,,,5,2,12,U,U,U,UM,,,,,,1-7,1-7,1-7,U,U.S. - Midwest,,,,,,,,,,,,,,,,,,,,,,,,,,,,,,,,,,,,,,,,,,,,,,,,,,,,,,,,,,,,,,,,,,,,,,,,,,,,,,,,,,,,,,,,,,,,,,,,,,,,,,,,,,,,,,,,,,,,,,,,,,,,,,,,,,,,,,,,,,,,,,,,,,,,,,,,,,,,,,,,,,,,,,,,,,,,,,,,,,,,,,,,,,,,,,,,,,,,,,,,,,,,,,,,,,,,,
,Stranda Ski Resort (Strandafjellet?),2026,"1,411 ","4,035 ","2,625 ",,,,,,,,,,,1,1,,,,2,2,,,1,7,2,2,,,Europe - Norway,,,Sierra-at-Tahoe,2024,"6,640 ","8,852 ","2,212 ","2,000",401,Independent,,,,,,,,3,,1,5,,,,,5,14,7,5B,"1-4, B, S",,U.S. - West,$659,,,,,,,,,,,,,,,,,,,,,,,,,,,,,,,,,,,,,,,,,,,,,,,,,,,,,,,,,,,,,,,,,,U.S. - Minnesota,Afton Alps,2013,350 ,700 ,350 ,300,60,Vail Resorts,,,,,,,,,1,2,12,,,,2,2,19,U,U,,,,,,,,1-7,1-7,1-7,U,U.S. - Midwest,,,,,,,,,,,,,,,,,,,,,,,,,,,,,,,,,,,,,,,,,,,,,,,,,,,,,,,,,,,,,,,,,,,,,,,,,,,,,,,,,,,,,,,,,,,,,,,,,,,,,,,,,,,,,,,,,,,,,,,,,,,,,,,,,,,,,,,,,,,,,,,,,,,,,,,,,,,,,,,,,,,,,,,,,,,,,,,,,,,,,,,,,,,,,,,,,,,,,,,,,,,,,,,,,,,,,
Europe - Scotland,Glencoe,2024,"1,247 ","3,635 ","2,388 ",494,35,Independent,,,,,,,,,,,,,,,,,,8,2,2,,,Europe - Scotland,,,Snow Summit (Big Bear),2018,"7,000 ","8,200 ","1,200 ",240,114,Alterra ,,,,,,,,2,2,2,4,,,,,5,15,U,U,"1-4, B, S",,U.S. - West,$639,,,,,,,,,,,,,,,,,,,,,,,,,,,,,,,,,,,,,,,,,,,,,,,,,,,,,,,,,,,,,,,,,,U.S. - Missouri,Hidden Valley,2019,540 ,860 ,320 ,65,19,Vail Resorts,,,,,,,,,2,2,1,,,,1,1,7,U,U,,,,,,,,1-7,1-7,1-7,U,U.S. - Midwest,,,,,,,,,,,,,,,,,,,,,,,,,,,,,,,,,,,,,,,,,,,,,,,,,,,,,,,,,,,,,,,,,,,,,,,,,,,,,,,,,,,,,,,,,,,,,,,,,,,,,,,,,,,,,,,,,,,,,,,,,,,,,,,,,,,,,,,,,,,,,,,,,,,,,,,,,,,,,,,,,,,,,,,,,,,,,,,,,,,,,,,,,,,,,,,,,,,,,,,,,,,,,,,,,,,,,
,Glenshee,2025,"2,133 ","3,404 ","1,271 ",,25,,,,,,,,,,,,1,2,3,15,,,,21,2,2,,,Europe - Scotland,,,Snow Valley,2023,"6,800 ","7,841 ","1,041 ",240,150,Alterra ,,,,,,1,,,,4,4,,,,,2,11,U,U,"1-4, B, S",,U.S. - West,$419,,,,,,,,,,,,,,,,,,,,,,,,,,,,,,,,,,,,,,,,,,,,,,,,,,,,,,,,,,,,,,,,,,,Snow Creek,2019,800 ,"1,100 ",300 ,25,20,Vail Resorts,,,,,,,,,,2,1,,,,1,1,5,U,U,,,,,,,,1-7,1-7,1-7,U,U.S. - Midwest,,,,,,,,,,,,,,,,,,,,,,,,,,,,,,,,,,,,,,,,,,,,,,,,,,,,,,,,,,,,,,,,,,,,,,,,,,,,,,,,,,,,,,,,,,,,,,,,,,,,,,,,,,,,,,,,,,,,,,,,,,,,,,,,,,,,,,,,,,,,,,,,,,,,,,,,,,,,,,,,,,,,,,,,,,,,,,,,,,,,,,,,,,,,,,,,,,,,,,,,,,,,,,,,,,,,,
Europe - Slovenia,Krvavec,2025,"4,757 ","6,467 ","1,710 ",,240,,,,1,,,,2,,,1,,3,,3,,,2,13,2B,2,,,Europe - Slovenia,,U.S. - Colorado,Arapahoe Basin,2019,"10,780 ","12,478 ","1,698 ","1,428",350,Alterra ,,,,,,1,,1,3,,1,,,,1,2,9,U,U,"1-4, B, S",,U.S. - West,$679,,,,,,,,,,,,,,,,,,,,,,,,,,,,,,,,,,,,,,,,,,,,,,,,,,,,,,,,,,,,,,,,,,U.S. - New Hampshire,Attitash,2019,600 ,"2,350 ","1,750 ",311,120,Vail Resorts,,,,,,,,3,2,2,,,,,,1,8,U,U,U,UM,,,,,,1-7,1-7,1-7,U,U.S. - East,,,,,,,,,,,,,,,,,,,,,,,,,,,,,,,,,,,,,,,,,,,,,,,,,,,,,,,,,,,,,,,,,,,,,,,,,,,,,,,,,,,,,,,,,,,,,,,,,,,,,,,,,,,,,,,,,,,,,,,,,,,,,,,,,,,,,,,,,,,,,,,,,,,,,,,,,,,,,,,,,,,,,,,,,,,,,,,,,,,,,,,,,,,,,,,,,,,,,,,,,,,,,,,,,,,,,
Europe - Spain,Baqueria Beret,2024,"4,921 ","8,563 ","3,642 ","5,616",50,Independent,,,1,,,,5,,7,,4,2,2,6,,1,7,35,2,2,,,Europe - Spain,,,Aspen Highlands,2018,"8,040 ","11,675 ","3,635 ","1,010",260,Aspen Skiing Company,,,,,,,,3,,2,1,,,,,,6,7S,,,2S,U.S. - West,"$3,099",,,,,,,,,,,,,,,,,,,,,,,,,,,,,,,,,,,,,,,,,,,,,,,,,,,,,,,,,,,,,,,,,,,Crotched,2019,"1,050 ","2,066 ","1,016 ",100,65,Vail Resorts,,,,,,,,1,1,1,1,,,,,1,5,U,U,U,UM,,,,,,1-7,1-7,1-7,U,U.S. - East,,,,,,,,,,,,,,,,,,,,,,,,,,,,,,,,,,,,,,,,,,,,,,,,,,,,,,,,,,,,,,,,,,,,,,,,,,,,,,,,,,,,,,,,,,,,,,,,,,,,,,,,,,,,,,,,,,,,,,,,,,,,,,,,,,,,,,,,,,,,,,,,,,,,,,,,,,,,,,,,,,,,,,,,,,,,,,,,,,,,,,,,,,,,,,,,,,,,,,,,,,,,,,,,,,,,,
Europe - Sweden,Björkliden,2025,"1,378 ","3,018 ","1,640 ",,,,,,,,,,,,,,,,3,2,,,,5,2S,2S,,,Europe - Sweden,,,Aspen Mountain,2018,"7,945 ","11,262 ","3,317 ",826,248,Aspen Skiing Company,,1,,,,,,3,,,1,,,,,,6,7S,,,2S,U.S. - West,"$3,099",,,,,,,,,,,,,,,,,,,,,,,,,,,,,,,,,,,,,,,,,,,,,,,,,,,,,,,,,,,,,,,,,,,Mount Sunapee,2018,"1,233 ","2,743 ","1,510 ",233,130,Vail Resorts,,,,,,,,2,1,2,,,,,,3,8,U,U,U,UM,,,,,,1-7,1-7,1-7,U,U.S. - East,,,,,,,,,,,,,,,,,,,,,,,,,,,,,,,,,,,,,,,,,,,,,,,,,,,,,,,,,,,,,,,,,,,,,,,,,,,,,,,,,,,,,,,,,,,,,,,,,,,,,,,,,,,,,,,,,,,,,,,,,,,,,,,,,,,,,,,,,,,,,,,,,,,,,,,,,,,,,,,,,,,,,,,,,,,,,,,,,,,,,,,,,,,,,,,,,,,,,,,,,,,,,,,,,,,,,
,Riksgränsen ,2025,"1,706 ","2,982 ","1,276 ",,,,,,,,,,,,,,1,,1,3,,,,6,2S,2S,,,Europe - Sweden,,,Buttermilk,2018,"7,870 ","9,900 ","2,030 ",435,200,Aspen Skiing Company,,,,,,,,3,,,1,,,,1,1,6,7S,,,2S,U.S. - West,"$3,099",,,,,,,,,,,,,,,,,,,,,,,,,,,,,,,,,,,,,,,,,,,,,,,,,,,,,,,,,,,,,,,,,,,Wildcat,2019,"1,950 ","3,991 ","2,112 ",225,200,Vail Resorts,,,,,,,,1,,3,,,,,,1,5,U,U,U,UM,,,,,,1-7,1-7,1-7,U,U.S. - East,,,,,,,,,,,,,,,,,,,,,,,,,,,,,,,,,,,,,,,,,,,,,,,,,,,,,,,,,,,,,,,,,,,,,,,,,,,,,,,,,,,,,,,,,,,,,,,,,,,,,,,,,,,,,,,,,,,,,,,,,,,,,,,,,,,,,,,,,,,,,,,,,,,,,,,,,,,,,,,,,,,,,,,,,,,,,,,,,,,,,,,,,,,,,,,,,,,,,,,,,,,,,,,,,,,,,
,Stöten i Sälen,2026,"1,437 ","2,723 ","1,286 ",,,,,,,,,,2,,,,,,6,13,,,3,24,2,2,,,Europe - Sweden,,,Copper Mountain,2018,"9,712 ","12,441 ","2,729 ","2,538",278,Powdr,,,,,,3,1,3,,5,4,1,,2,1,5,25,U,U,"1-4, B, S",,U.S. - West,$699,,,,,,,,,,,,,,,,,,,,,,,,,,,,,,,,,,,,,,,,,,,,,,,,,,,,,,,,,,,,,,,,,,U.S. - New York,Hunter,2019,"1,600 ","3,200 ","1,600 ",320,70,Vail Resorts,,,,,,3,,1,2,1,1,,,1,,3,12,U,U,UB,UMB,,,,,,1-7,1-7,,U,U.S. - East,,,,,,,,,,,,,,,,,,,,,,,,,,,,,,,,,,,,,,,,,,,,,,,,,,,,,,,,,,,,,,,,,,,,,,,,,,,,,,,,,,,,,,,,,,,,,,,,,,,,,,,,,,,,,,,,,,,,,,,,,,,,,,,,,,,,,,,,,,,,,,,,,,,,,,,,,,,,,,,,,,,,,,,,,,,,,,,,,,,,,,,,,,,,,,,,,,,,,,,,,,,,,,,,,,,,,
Europe - Switzerland,Hohsaas - Saas-Grund,2026,"5,115 ","10,499 ","5,384 ",,,,,,2,,,,,,,,,,1,1,,1,2,7,2,2,,,Europe - Switzerland,,,Eldora,2018,"9,200 ","10,600 ","1,400 ",680,225,Independent,,,,,,1,,,2,1,3,,,1,1,1,10,U,U,"1-4, B, S",,U.S. - West,,,,,,,,,,,,,,,,,,,,,,,,,,,,,,,,,,,,,,,,,,,,,,,,,,,,,,,,,,,,,,,,,,,U.S. - Ohio,Alpine Valley OH,2019,"1,260 ","1,500 ",240 ,72,120,Vail Resorts,,,,,,,,,1,1,1,,,,1,1,5,U,U,U,UM,,,,,U,1-7,1-7,1-7,U,U.S. - Midwest,,,,,,,,,,,,,,,,,,,,,,,,,,,,,,,,,,,,,,,,,,,,,,,,,,,,,,,,,,,,,,,,,,,,,,,,,,,,,,,,,,,,,,,,,,,,,,,,,,,,,,,,,,,,,,,,,,,,,,,,,,,,,,,,,,,,,,,,,,,,,,,,,,,,,,,,,,,,,,,,,,,,,,,,,,,,,,,,,,,,,,,,,,,,,,,,,,,,,,,,,,,,,,,,,,,,,
,Leukerbad Torrent Ski Resort (& Gemmi for Magic only?),2025,"4,629 ","8,563 ","3,934 ","8,000",,,,1,2,,,,1,,,,,,2,1,,2,4,13,2,2,,,Europe - Switzerland,,,Snowmass,2018,"8,110 ","12,510 ","4,400 ","3,342",301,Aspen Skiing Company,,1,1,,,3,,6,2,,1,1,,3,,2,20,7S,"5, B",,2S,U.S. - West,"$3,099",,,,,,,,,,,,,,,,,,,,,,,,,,,,,,,,,,,,,,,,,,,,,,,,,,,,,,,,,,,,,,,,,,,Boston Mills,2019,656 ,886 ,230 ,40,54,Vail Resorts,,,,,,,,,1,4,1,,,,,1,7,U,U,U,UM,,,,,U,1-7,1-7,1-7,U,U.S. - Midwest,,,,,,,,,,,,,,,,,,,,,,,,,,,,,,,,,,,,,,,,,,,,,,,,,,,,,,,,,,,,,,,,,,,,,,,,,,,,,,,,,,,,,,,,,,,,,,,,,,,,,,,,,,,,,,,,,,,,,,,,,,,,,,,,,,,,,,,,,,,,,,,,,,,,,,,,,,,,,,,,,,,,,,,,,,,,,,,,,,,,,,,,,,,,,,,,,,,,,,,,,,,,,,,,,,,,,
,Pizol,2026,"1,670 ","7,382 ","5,712 ",,,,,,2,,,,1,,3,,,,2,2,,1,,11,2,2,,,Europe - Switzerland,,,Steamboat,2018,"6,900 ","10,568 ","3,668 ","3,741",370,Alterra ,,2,1,,,1,,8,,4,2,,,,1,6,25,U,5B,"1-4, B, S",,U.S. - West,"$1,449",,,,,,,,,,,,,,,,,,,,,,,,,,,,,,,,,,,,,,,,,,,,,,,,,,,,,,,,,,,,,,,,,,,Brandywine,2019,623 ,886 ,262 ,40,54,Vail Resorts,,,,,,,,,3,2,,,,,2,1,8,U,U,U,UM,,,,,U,1-7,1-7,1-7,U,U.S. - Midwest,,,,,,,,,,,,,,,,,,,,,,,,,,,,,,,,,,,,,,,,,,,,,,,,,,,,,,,,,,,,,,,,,,,,,,,,,,,,,,,,,,,,,,,,,,,,,,,,,,,,,,,,,,,,,,,,,,,,,,,,,,,,,,,,,,,,,,,,,,,,,,,,,,,,,,,,,,,,,,,,,,,,,,,,,,,,,,,,,,,,,,,,,,,,,,,,,,,,,,,,,,,,,,,,,,,,,
"Europe - Switzerland, Europe - France",Portes du Soleil,2025,"3,117 ","7,470 ","4,353 ","16,018",315,,,,,,,,,,,,,,,,,,,208,2,2,,,Europe - Switzerland,,,Winter Park,2018,"9,000 ","12,060 ","3,060 ","3,081",344.6,Alterra ,,1,,1,,4,,5,,3,6,,,1,,3,24,U,U,"1-4, B, S",,U.S. - West,$759,,,,,,,,,,,,,,,,,,,,,,,,,,,,,,,,,,,,,,,,,,,,,,,,,,,,,,,,,,,,,,,,,,,Mad River,2019,"1,160 ","1,460 ",300 ,144,36,Vail Resorts,,,,,,,,,1,2,2,,,,3,1,9,U,U,U,UM,,,,,U,1-7,1-7,1-7,U,U.S. - Midwest,,,,,,,,,,,,,,,,,,,,,,,,,,,,,,,,,,,,,,,,,,,,,,,,,,,,,,,,,,,,,,,,,,,,,,,,,,,,,,,,,,,,,,,,,,,,,,,,,,,,,,,,,,,,,,,,,,,,,,,,,,,,,,,,,,,,,,,,,,,,,,,,,,,,,,,,,,,,,,,,,,,,,,,,,,,,,,,,,,,,,,,,,,,,,,,,,,,,,,,,,,,,,,,,,,,,,
Europe - Turkey,Erciyes,2024,"6,850 ","10,978 ","4,127 ",2965,,Independent,,,2,,,,3,,2,6,,,,,,1,5,19,2,2,,,Europe - Turkey,,U.S. - Idaho,Schweitzer,2021,"3,960 ","6,389 ","2,429 ","2,900",271,Alterra ,,,,,,1,,4,,2,1,1,,,,1,10,U,5B,"1-4, B, S",,U.S. - West,$999,,,,,,,,,,,,,,,,,,,,,,,,,,,,,,,,,,,,,,,,,,,,,,,,,,,,,,,,,,,,,,,,,,U.S. - Pennsylvania,Big Boulder,2019,"1,700 ","2,175 ",475 ,55,50,Vail Resorts,,,,,,,,,2,1,1,,,,,1,5,U,U,U,UM,,,,,,1-7,1-7,1-7,U,U.S. - East,,,,,,,,,,,,,,,,,,,,,,,,,,,,,,,,,,,,,,,,,,,,,,,,,,,,,,,,,,,,,,,,,,,,,,,,,,,,,,,,,,,,,,,,,,,,,,,,,,,,,,,,,,,,,,,,,,,,,,,,,,,,,,,,,,,,,,,,,,,,,,,,,,,,,,,,,,,,,,,,,,,,,,,,,,,,,,,,,,,,,,,,,,,,,,,,,,,,,,,,,,,,,,,,,,,,,
,Kaya Palazzo Kartalkaya Dorukkaya (Dorukkaya - Bolu-Kartalkaya),2025,"6,073 ","7,185 ","1,112 ",,,,,,,,,,,,1,,,,4,2,,1,2,10,2,2,,,Europe - Turkey,,,Sun Valley: Bald ,2022,"5,750 ","9,150 ","3,400 ","2,533",193,Holding Family,,1,,,,3,,5,,2,,,,,,1,12,7S,,,2S,U.S. - West,"$2,304",,,,,,,,,,,,,,,,,,,,,,,,,,,,,,,,,,,,,,,,,,,,,,,,,,,,,,,,,,,,,,,,,,,Hidden Valley PA,2022,"2,405 ","2,875 ",470 ,110,140,Vail Resorts,,,,,,,,,2,2,,,,,2,2,8,U,U,U,UM,,,,,,1-7,1-7,1-7,U,U.S. - East,,,,,,,,,,,,,,,,,,,,,,,,,,,,,,,,,,,,,,,,,,,,,,,,,,,,,,,,,,,,,,,,,,,,,,,,,,,,,,,,,,,,,,,,,,,,,,,,,,,,,,,,,,,,,,,,,,,,,,,,,,,,,,,,,,,,,,,,,,,,,,,,,,,,,,,,,,,,,,,,,,,,,,,,,,,,,,,,,,,,,,,,,,,,,,,,,,,,,,,,,,,,,,,,,,,,,
,Palandoken Ski Resort,2025,"7,047 ","10,302 ","3,255 ",,,Independent,,,2,,,,,,3,3,1,3,1,,,,3,16,2,2,,,Europe - Turkey,,,Sun Valley: Dollar ,2022,"6,010 ","6,638 ",628 ,296,,Holding Family,,,,,,,,2,,1,1,,,,,1,5,7S,,,2S,U.S. - West,$959,,,,,,,,,,,,,,,,,,,,,,,,,,,,,,,,,,,,,,,,,,,,,,,,,,,,,,,,,,,,,,,,,,,Jack Frost,2019,"1,400 ","2,000 ",600 ,100,50,Vail Resorts,,,,,,,,,4,,2,,,,,,6,U,U,U,UM,,,,,,1-7,1-7,1-7,U,U.S. - East,,,,,,,,,,,,,,,,,,,,,,,,,,,,,,,,,,,,,,,,,,,,,,,,,,,,,,,,,,,,,,,,,,,,,,,,,,,,,,,,,,,,,,,,,,,,,,,,,,,,,,,,,,,,,,,,,,,,,,,,,,,,,,,,,,,,,,,,,,,,,,,,,,,,,,,,,,,,,,,,,,,,,,,,,,,,,,,,,,,,,,,,,,,,,,,,,,,,,,,,,,,,,,,,,,,,,
Europe -Czech Republic,Malá Úpa,2024,"3,264 ","4,134 ",870 ,,26,Independent,,,,,,,,,,,,,,,,,,9,2,2,,,Europe -Czech Republic,,,Tamarack,2026,"4,900 ","7,700 ","2,800 ","1,100",275,Independent,,,,,,,,3,2,,,,,1,,1,7,"2, B",,,,U.S. - West,$599,,,,,,,,,,,,,,,,,,,,,,,,,,,,,,,,,,,,,,,,,,,,,,,,,,,,,,,,,,,,,,,,,,,Laurel,2022,"2,005 ","2,766 ",761 ,70,41,Vail Resorts,,,,,,,,,1,,,,,,1,,2,U,U,U,UM,,,,,,1-7,1-7,1-7,U,U.S. - East,,,,,,,,,,,,,,,,,,,,,,,,,,,,,,,,,,,,,,,,,,,,,,,,,,,,,,,,,,,,,,,,,,,,,,,,,,,,,,,,,,,,,,,,,,,,,,,,,,,,,,,,,,,,,,,,,,,,,,,,,,,,,,,,,,,,,,,,,,,,,,,,,,,,,,,,,,,,,,,,,,,,,,,,,,,,,,,,,,,,,,,,,,,,,,,,,,,,,,,,,,,,,,,,,,,,,
Japan (Akita),Ani Ski Resort (Mt. Moriyoshi),2023,"1,762 ","3,937 ","2,175 ",,400,Independent,,,1,,,,,,,,,2,,,,,,3,2,2,,,Japan (Akita),,U.S. - Maine,Sugarloaf,2018,"1,417 ","4,165 ","2,748 ","1,360",200,Boyne Resorts,,,,,,,,3,3,1,5,2,,,,1,15,7,5B,"1-4, B, S",2,U.S. - East,"$1,499",,,,,,,,,,,,,,,,,,,,,,,,,,,,,,,,,,,,,,,,,,,,,,,,,,,,,,,,,,,,,,,,,,,Liberty,2019,570 ,"1,190 ",620 ,100,31,Vail Resorts,,,,,,,,,5,,,,,,,2,7,U,U,U,UM,,,,,,1-7,1-7,1-7,U,U.S. - East,,,,,,,,,,,,,,,,,,,,,,,,,,,,,,,,,,,,,,,,,,,,,,,,,,,,,,,,,,,,,,,,,,,,,,,,,,,,,,,,,,,,,,,,,,,,,,,,,,,,,,,,,,,,,,,,,,,,,,,,,,,,,,,,,,,,,,,,,,,,,,,,,,,,,,,,,,,,,,,,,,,,,,,,,,,,,,,,,,,,,,,,,,,,,,,,,,,,,,,,,,,,,,,,,,,,,
,Tazawako,2021,"1,896 ","3,891 ","1,995 ",247,,Independent,,,,,,,,,2,,,4,,,,,,6,2,2,,,Japan (Akita),,,Sunday River,2018,800 ,"3,150 ","2,350 ","1,184",167,Boyne Resorts,,,,,1,1,1,2,5,5,1,1,,,,3,20,7,5B,"1-4, B, S",2,U.S. - East,"$1,499",,,,,,,,,,,,,,,,,,,,,,,,,,,,,,,,,,,,,,,,,,,,,,,,,,,,,,,,,,,,,,,,,,,Roundtop,2019,755 ,"1,345 ",591 ,103,30,Vail Resorts,,,,,,,,,3,2,,,1,,,3,9,U,U,U,UM,,,,,,1-7,1-7,1-7,U,U.S. - East,,,,,,,,,,,,,,,,,,,,,,,,,,,,,,,,,,,,,,,,,,,,,,,,,,,,,,,,,,,,,,,,,,,,,,,,,,,,,,,,,,,,,,,,,,,,,,,,,,,,,,,,,,,,,,,,,,,,,,,,,,,,,,,,,,,,,,,,,,,,,,,,,,,,,,,,,,,,,,,,,,,,,,,,,,,,,,,,,,,,,,,,,,,,,,,,,,,,,,,,,,,,,,,,,,,,,
Japan (Aomori),Aomori Spring,2022,"1,234 ","3,022 ","1,788 ",,320,Independent,,,1,,,,,,2,,,2,,,,,,5,2,2,,,Japan (Aomori),,U.S. - Massachusetts,Butternut,2025,800 ,"1,800 ","1,000 ",110,110,Murdock Family,,,,,,,,,5,,,,,,,4,9,2B,,,,U.S. - East,$399,,,,,,,,,,,,,,,,,,,,,,,,,,,,,,,,,,,,,,,,,,,,,,,,,,,,,,,,,,,,,,,,,,,Seven Springs,2022,"2,240 ","2,994 ",754 ,285,135,Vail Resorts,,,,,,2,,,5,3,,,,,1,3,14,U,U,U,UM,,,,,,1-7,1-7,1-7,U,U.S. - East,,,,,,,,,,,,,,,,,,,,,,,,,,,,,,,,,,,,,,,,,,,,,,,,,,,,,,,,,,,,,,,,,,,,,,,,,,,,,,,,,,,,,,,,,,,,,,,,,,,,,,,,,,,,,,,,,,,,,,,,,,,,,,,,,,,,,,,,,,,,,,,,,,,,,,,,,,,,,,,,,,,,,,,,,,,,,,,,,,,,,,,,,,,,,,,,,,,,,,,,,,,,,,,,,,,,,
Japan (Gifu),Dynaland Ski Resort,2024,"3,228 ","4,921 ","1,693 ",198,,Independent,,,,,,,,,3,,,2,,,,,1,6,2,2,,,Japan (Gifu),,,Jiminy Peak,2025,"1,230 ","2,380 ","1,150 ",167.4,100,Fairbank Group,,,,,,1,,,2,3,1,,,,,2,9,2B,,,,U.S. - East,"$1,104",,,,,,,,,,,,,,,,,,,,,,,,,,,,,,,,,,,,,,,,,,,,,,,,,,,,,,,,,,,,,,,,,,,Whitetail,2019,865 ,"1,800 ",935 ,109,40,Vail Resorts,,,,,,,,1,3,,1,,,,,2,7,U,U,U,UM,,,,,,1-7,1-7,1-7,U,U.S. - East,,,,,,,,,,,,,,,,,,,,,,,,,,,,,,,,,,,,,,,,,,,,,,,,,,,,,,,,,,,,,,,,,,,,,,,,,,,,,,,,,,,,,,,,,,,,,,,,,,,,,,,,,,,,,,,,,,,,,,,,,,,,,,,,,,,,,,,,,,,,,,,,,,,,,,,,,,,,,,,,,,,,,,,,,,,,,,,,,,,,,,,,,,,,,,,,,,,,,,,,,,,,,,,,,,,,,
,Hirugano Kogen Ski Resort,2024,"2,923 ","3,415 ",492 ,75,165,Independent,,,,,,,,,1,,,2,,,,,,3,2,2,,,Japan (Gifu),,U.S. - Michigan,Boyne Mountain,2018,720 ,"1,140 ",420 ,435,140,Boyne Resorts,,,,,1,1,,,4,1,2,,,,,1,10,7,5B,"1-4, B, S",,U.S. - Midwest,$875,,,,,,,,,,,,,,,,,,,,,,,,,,,,,,,,,,,,,,,,,,,,,,,,,,,,,,,,,,,,,,,,,,U.S. - Utah,Park City,2013,"6,800 ","10,026 ","3,226 ","7,300",355,Vail Resorts,,3,1,1,,6,,10,5,7,3,,,,2,3,41,U,UB,,,5SB,,,,,1-7,,,U,U.S. - West,,,,,,,,,,,,,,,,,,,,,,,,,,,,,,,,,,,,,,,,,,,,,,,,,,,,,,,,,,,,,,,,,,,,,,,,,,,,,,,,,,,,,,,,,,,,,,,,,,,,,,,,,,,,,,,,,,,,,,,,,,,,,,,,,,,,,,,,,,,,,,,,,,,,,,,,,,,,,,,,,,,,,,,,,,,,,,,,,,,,,,,,,,,,,,,,,,,,,,,,,,,,,,,,,,,,,
,Takasu Snow Park,2024,"3,117 ","5,085 ","1,969 ",247,,Independent,,,1,,,,,,3,,,,,,,,1,5,2,2,,,Japan (Gifu),,,Snowriver: Black River (UP),2026,"1,185 ","1,675 ",490 ,170,204,Midwest Family Ski Resorts,,,,,,,,,,,4,,,,1,,5,"7, S","5, B, S","1-4, B, S",,U.S. - Midwest,$849,,,,,,,,,,,,,,,,,,,,,,,,,,,,,,,,,,,,,,,,,,,,,,,,,,,,,,,,,,,,,,,,,,U.S. - Vermont,Mount Snow,2019,"1,900 ","3,600 ","1,700 ",601,150,Vail Resorts,,,,,,2,,4,,5,2,,,,1,5,19,U,U,UB,UMB,,,,,,1-7,1-7,,U,U.S. - East,,,,,,,,,,,,,,,,,,,,,,,,,,,,,,,,,,,,,,,,,,,,,,,,,,,,,,,,,,,,,,,,,,,,,,,,,,,,,,,,,,,,,,,,,,,,,,,,,,,,,,,,,,,,,,,,,,,,,,,,,,,,,,,,,,,,,,,,,,,,,,,,,,,,,,,,,,,,,,,,,,,,,,,,,,,,,,,,,,,,,,,,,,,,,,,,,,,,,,,,,,,,,,,,,,,,,
,Washigatake,2024,"2,986 ","4,429 ","1,444 ",136,,Independent,,,,,,,,,3,,,2,,,,,1,6,2,2,,,Japan (Gifu),,,Snowriver: Jackson Creek (UP),2026,"1,214 ","1,752 ",538 ,230,204,Midwest Family Ski Resorts,,,,,,1,,,,,2,1,,,1,1,6,"7, S","5, B, S","1-4, B, S",,U.S. - Midwest,$849,,,,,,,,,,,,,,,,,,,,,,,,,,,,,,,,,,,,,,,,,,,,,,,,,,,,,,,,,,,,,,,,,,,Okemo,2018,"1,144 ","3,344 ","2,200 ",667,120,Vail Resorts,,,,,,2,,4,5,2,,,,1,,6,20,U,U,UB,UMB,,,,,,1-7,1-7,,U,U.S. - East,,,,,,,,,,,,,,,,,,,,,,,,,,,,,,,,,,,,,,,,,,,,,,,,,,,,,,,,,,,,,,,,,,,,,,,,,,,,,,,,,,,,,,,,,,,,,,,,,,,,,,,,,,,,,,,,,,,,,,,,,,,,,,,,,,,,,,,,,,,,,,,,,,,,,,,,,,,,,,,,,,,,,,,,,,,,,,,,,,,,,,,,,,,,,,,,,,,,,,,,,,,,,,,,,,,,,
,White Pia Takasu,2024,"3,100 ","4,610 ","1,509 ",146,,Independent,,,,,,,,,2,,,2,,,,,1,5,2,2,,,Japan (Gifu),,,The Highlands ,2018,805 ,"1,318 ",513 ,435,140,Boyne Resorts,,,,,,1,,1,3,1,,,,,1,2,9,7,5B,"1-4, B, S",,U.S. - Midwest,$875,,,,,,,,,,,,,,,,,,,,,,,,,,,,,,,,,,,,,,,,,,,,,,,,,,,,,,,,,,,,,,,,,,,Stowe,2017,"1,265 ","3,625 ","2,360 ",485,314,Vail Resorts,,2,,,,1,,3,1,1,2,,,,,2,12,U,UB,10B,5MB,,,,,,1-7,1-7,,U,U.S. - East,,,,,,,,,,,,,,,,,,,,,,,,,,,,,,,,,,,,,,,,,,,,,,,,,,,,,,,,,,,,,,,,,,,,,,,,,,,,,,,,,,,,,,,,,,,,,,,,,,,,,,,,,,,,,,,,,,,,,,,,,,,,,,,,,,,,,,,,,,,,,,,,,,,,,,,,,,,,,,,,,,,,,,,,,,,,,,,,,,,,,,,,,,,,,,,,,,,,,,,,,,,,,,,,,,,,,
Japan (Gunma),Hodaigi,2025,"2,723 ","4,593 ","1,870 ",,170,Independent,,,,,,,,,2,,,5,,,,,1,8,2,2,,,Japan (Gunma),,U.S. - Minnesota,Buck Hill,2025,919 ,"1,225 ",306 ,45,60,Independent,,,,,,,,,2,1,,,,,4,2,9,2B,,,,U.S. - Midwest,$495,,,,,,,,,,,,,,,,,,,,,,,,,,,,,,,,,,,,,,,,,,,,,,,,,,,,,,,,,,,,,,,,,,U.S. - Washington,Stevens Pass,2018,"4,061 ","5,845 ","1,784 ","1,125",460,Vail Resorts,,,,,,,,4,2,3,1,,,,,2,12,U,U,,,,,,,,1-7,1-7,,U,U.S. - West,,,,,,,,,,,,,,,,,,,,,,,,,,,,,,,,,,,,,,,,,,,,,,,,,,,,,,,,,,,,,,,,,,,,,,,,,,,,,,,,,,,,,,,,,,,,,,,,,,,,,,,,,,,,,,,,,,,,,,,,,,,,,,,,,,,,,,,,,,,,,,,,,,,,,,,,,,,,,,,,,,,,,,,,,,,,,,,,,,,,,,,,,,,,,,,,,,,,,,,,,,,,,,,,,,,,,
,Palcall Tsumagoi,2024,"4,495 ","6,890 ","2,395 ",,,Independent,,,1,,,,,,1,,,1,,,,,1,5,2,2,,,Japan (Gunma),,,Giants Ridge,2026,"1,472 ","1,972 ",500 ,202,62,Independent,,,,,,,,1,1,1,2,,,,,2,7,2B,,,,U.S. - Midwest,,,,,,,,,,,,,,,,,,,,,,,,,,,,,,,,,,,,,,,,,,,,,,,,,,,,,,,,,,,,,,,,,,,U.S. - Wisconsin,Wilmot,2016,760 ,960 ,200 ,120,48,Vail Resorts,,,,,,,,,3,1,2,,,,2,2,10,U,U,,,,,,,,1-7,1-7,1-7,U,U.S. - Midwest,,,,,,,,,,,,,,,,,,,,,,,,,,,,,,,,,,,,,,,,,,,,,,,,,,,,,,,,,,,,,,,,,,,,,,,,,,,,,,,,,,,,,,,,,,,,,,,,,,,,,,,,,,,,,,,,,,,,,,,,,,,,,,,,,,,,,,,,,,,,,,,,,,,,,,,,,,,,,,,,,,,,,,,,,,,,,,,,,,,,,,,,,,,,,,,,,,,,,,,,,,,,,,,,,,,,,
Japan (Hokkaido),Canmore Ski Village,2025,689 ,"1,496 ",807 ,,180,Independent,,,,,,,,,1,,,1,,,,,,2,2,2,,,Japan (Hokkaido),,,Lutsen Mountains,2026,863 ,"1,688 ",825 ,"1,000",120,Midwest Family Ski Resorts,,1,,,,2,,,,,3,,,,,1,7,7,"5, B","1-4, B, S",,U.S. - Midwest,$849,,,,,,,,,,,,,,,,,,,,,,,,,,,,,,,,,,,,,,,,,,,,,,,,,,,,,,,,,,,,,,,,,,,,,,,,,,,,,,,,,,,,,,,,,,,,,,,,,,,,,,,,,,,,,,,,,,,,,,,,,,,,,,,,,,,,,,,,,,,,,,,,,,,,,,,,,,,,,,,,,,,,,,,,,,,,,,,,,,,,,,,,,,,,,,,,,,,,,,,,,,,,,,,,,,,,,,,,,,,,,,,,,,,,,,,,,,,,,,,,,,,,,,,,,,,,,,,,,,,,,,,,,,,,,,,,,,,,,,,,,,,,,,,,,,,,,,,,,,,,,,,,,,,,,,,,,,,,,,
,Kamui Ski Links,2023,492 ,"2,464 ","1,972 ",247,315,Independent,,,1,,,,,,,,,5,,,,,,6,2,2,,,Japan (Hokkaido),,,Wild Mountain,2025,813 ,"1,113 ",300 ,100,50,Independent,,,,,,,,,4,,,,,,4,1,9,2B,,,,U.S. - Midwest,$334,,,,,,,,,,,,,,,,,,,,,,,,,,,,,,,,,,,,,,,,,,,,,,,,,,,,,,,,,,,,,,,,,,,,,,,,,,,,,,,,,,,,,,,,,,,,,,,,,,,,,,,,,,,,,,,,,,,,,,,,,,,,,,,,,,,,,,,,,,,,,,,,,,,,,,,,,,,,,,,,,,,,,,,,,,,,,,,,,,,,,,,,,,,,,,,,,,,,,,,,,,,,,,,,,,,,,,,,,,,,,,,,,,,,,,,,,,,,,,,,,,,,,,,,,,,,,,,,,,,,,,,,,,,,,,,,,,,,,,,,,,,,,,,,,,,,,,,,,,,,,,,,,,,,,,,,,,,,,,
,Kiroro,2023,"1,870 ","3,871 ","2,001 ",297,709,Independent,,,1,,,,,1,4,,,3,,,,,,10,2,2,,,Japan (Hokkaido),,U.S. - Montana,Big Sky,2018,"6,800 ","11,166 ","4,366 ","5,850",291,Boyne Resorts,1,2,,,2,2,,4,3,9,4,,,3,1,8,39,7,5B,"1-4, B, S",2,U.S. - West,"$2,600",,,,,,,,,,,,,,,,,,,,,,,,,,,,,,,,,,,,,,,,,,,,,,,,,,,,,,,,,,,,,,,,,,,,,,,,,,,,,,,,,,,,,,,,,,,,,,,,,,,,,,,,,,,,,,,,,,,,,,,,,,,,,,,,,,,,,,,,,,,,,,,,,,,,,,,,,,,,,,,,,,,,,,,,,,,,,,,,,,,,,,,,,,,,,,,,,,,,,,,,,,,,,,,,,,,,,,,,,,,,,,,,,,,,,,,,,,,,,,,,,,,,,,,,,,,,,,,,,,,,,,,,,,,,,,,,,,,,,,,,,,,,,,,,,,,,,,,,,,,,,,,,,,,,,,,,,,,,,,
,Nayoro Piyashiri,2024,633 ,"2,208 ","1,575 ",,,Independent,,,,,,,,,,,,4,,,,,,4,2,2,,,Japan (Hokkaido),,U.S. - New Hampshire,Cranmore,2025,800 ,"2,000 ","1,200 ",170,120,Fairbank Group,,,,,,,,1,1,2,1,,,,,2,7,2B,,,,U.S. - East,$869,,,,,,,,,,,,,,,,,,,,,,,,,,,,,,,,,,,,,,,,,,,,,,,,,,,,,,,,,,,,,,,,,,,,,,,,,,,,,,,,,,,,,,,,,,,,,,,,,,,,,,,,,,,,,,,,,,,,,,,,,,,,,,,,,,,,,,,,,,,,,,,,,,,,,,,,,,,,,,,,,,,,,,,,,,,,,,,,,,,,,,,,,,,,,,,,,,,,,,,,,,,,,,,,,,,,,,,,,,,,,,,,,,,,,,,,,,,,,,,,,,,,,,,,,,,,,,,,,,,,,,,,,,,,,,,,,,,,,,,,,,,,,,,,,,,,,,,,,,,,,,,,,,,,,,,,,,,,,,
,Pippu,2023,820 ,"1,804 ",984 ,,,Independent,,,,,,,,,,,,5,,,,1,,7,2,2,,,Japan (Hokkaido),,,Loon,2018,950 ,"3,050 ","2,100 ",403,160,Boyne Resorts,,1,1,,1,,,3,2,,4,,,,,3,15,"7, R","5, R, B","1-4, B, S",,U.S. - East,"$1,499",,,,,,,,,,,,,,,,,,,,,,,,,,,,,,,,,,,,,,,,,,,,,,,,,,,,,,,,,,,,,,,,,,,,,,,,,,,,,,,,,,,,,,,,,,,,,,,,,,,,,,,,,,,,,,,,,,,,,,,,,,,,,,,,,,,,,,,,,,,,,,,,,,,,,,,,,,,,,,,,,,,,,,,,,,,,,,,,,,,,,,,,,,,,,,,,,,,,,,,,,,,,,,,,,,,,,,,,,,,,,,,,,,,,,,,,,,,,,,,,,,,,,,,,,,,,,,,,,,,,,,,,,,,,,,,,,,,,,,,,,,,,,,,,,,,,,,,,,,,,,,,,,,,,,,,,,,,,,,
,Yubari (Mount Racey),2023,978 ,"2,303 ","1,325 ",,315,Independent,,,1,,,,,,2,,,,,,,,,5,2,2,,,Japan (Hokkaido),,U.S. - New Mexico,Taos Ski Valley,2018,"9,350 ","12,450 ","3,100 ","1,294",300,Independent,,,1,,,,,2,2,4,1,,,,,3,13,7,5B,"1-4, B, S",2,U.S. - West,"$1,475",,,,,,,,,,,,,,,,,,,,,,,,,,,,,,,,,,,,,,,,,,,,,,,,,,,,,,,,,,,,,,,,,,,,,,,,,,,,,,,,,,,,,,,,,,,,,,,,,,,,,,,,,,,,,,,,,,,,,,,,,,,,,,,,,,,,,,,,,,,,,,,,,,,,,,,,,,,,,,,,,,,,,,,,,,,,,,,,,,,,,,,,,,,,,,,,,,,,,,,,,,,,,,,,,,,,,,,,,,,,,,,,,,,,,,,,,,,,,,,,,,,,,,,,,,,,,,,,,,,,,,,,,,,,,,,,,,,,,,,,,,,,,,,,,,,,,,,,,,,,,,,,,,,,,,,,,,,,,,
Japan (Iwate),Amihari,2024,"2,100 ","4,429 ","2,329 ",143,,Independent,,,,,,,,,,,,4,,,,,,4,2,2,,,Japan (Iwate),,U.S. - Oregon,Mount Bachelor,2020,"5,700 ","9,065 ","3,365 ","4,323",387,Powdr,,,,,,1,,7,1,3,,,,,,3,15,7,5B,"1-4, B, S",,U.S. - West,,,,,,,,,,,,,,,,,,,,,,,,,,,,,,,,,,,,,,,,,,,,,,,,,,,,,,,,,,,,,,,,,,,,,,,,,,,,,,,,,,,,,,,,,,,,,,,,,,,,,,,,,,,,,,,,,,,,,,,,,,,,,,,,,,,,,,,,,,,,,,,,,,,,,,,,,,,,,,,,,,,,,,,,,,,,,,,,,,,,,,,,,,,,,,,,,,,,,,,,,,,,,,,,,,,,,,,,,,,,,,,,,,,,,,,,,,,,,,,,,,,,,,,,,,,,,,,,,,,,,,,,,,,,,,,,,,,,,,,,,,,,,,,,,,,,,,,,,,,,,,,,,,,,,,,,,,,,,,,
,Geto Kogen,2021,"2,100 ","3,510 ","1,411 ",,591,,,,2,,,,,,1,,,2,,,,,,5,2,2,,,Japan (Iwate),,U.S. - Pennsylvania,Blue Mountain PA,2023,325 ,"1,407 ","1,082 ",171,33,Peregrine Hospitality,,,,,,2,,1,,1,1,,,,,7,12,7,5B,"1-4, B, S",,U.S. - East,$699,,,,,,,,,,,,,,,,,,,,,,,,,,,,,,,,,,,,,,,,,,,,,,,,,,,,,,,,,,,,,,,,,,,,,,,,,,,,,,,,,,,,,,,,,,,,,,,,,,,,,,,,,,,,,,,,,,,,,,,,,,,,,,,,,,,,,,,,,,,,,,,,,,,,,,,,,,,,,,,,,,,,,,,,,,,,,,,,,,,,,,,,,,,,,,,,,,,,,,,,,,,,,,,,,,,,,,,,,,,,,,,,,,,,,,,,,,,,,,,,,,,,,,,,,,,,,,,,,,,,,,,,,,,,,,,,,,,,,,,,,,,,,,,,,,,,,,,,,,,,,,,,,,,,,,,,,,,,,,
,Okunakayama Kogen,2021,"2,133 ","3,340 ","1,207 ",,,Independent,,,,,,,,,,,,5,,,,,,5,2,2,,,Japan (Iwate),,,Camelback,2023,"1,252 ","2,079 ",827 ,166,50,Peregrine Hospitality,,,,,,1,,1,1,3,3,,,,,4,13,7,5B,"1-4, B, S",,U.S. - East,$399,,,,,,,,,,,,,,,,,,,,,,,,,,,,,,,,,,,,,,,,,,,,,,,,,,,,,,,,,,,,,,,,,,,,,,,,,,,,,,,,,,,,,,,,,,,,,,,,,,,,,,,,,,,,,,,,,,,,,,,,,,,,,,,,,,,,,,,,,,,,,,,,,,,,,,,,,,,,,,,,,,,,,,,,,,,,,,,,,,,,,,,,,,,,,,,,,,,,,,,,,,,,,,,,,,,,,,,,,,,,,,,,,,,,,,,,,,,,,,,,,,,,,,,,,,,,,,,,,,,,,,,,,,,,,,,,,,,,,,,,,,,,,,,,,,,,,,,,,,,,,,,,,,,,,,,,,,,,,,
,Shimokura-Panorama (Hachimantai Resort),2021,"1,902 ","3,707 ","1,805 ",,320,Nippon Cable,,,,,,,,,1,,1,5,,,,,,7,2,2,,,Japan (Iwate),,U.S. - Utah,Alta,2018,"8,530 ","11,068 ","2,538 ","2,614",526,Independent,,,,,,1,,3,1,1,1,,,1,1,2,11,7S,,,2,U.S. - West,"$1,549",,,,,,,,,,,,,,,,,,,,,,,,,,,,,,,,,,,,,,,,,,,,,,,,,,,,,,,,,,,,,,,,,,,,,,,,,,,,,,,,,,,,,,,,,,,,,,,,,,,,,,,,,,,,,,,,,,,,,,,,,,,,,,,,,,,,,,,,,,,,,,,,,,,,,,,,,,,,,,,,,,,,,,,,,,,,,,,,,,,,,,,,,,,,,,,,,,,,,,,,,,,,,,,,,,,,,,,,,,,,,,,,,,,,,,,,,,,,,,,,,,,,,,,,,,,,,,,,,,,,,,,,,,,,,,,,,,,,,,,,,,,,,,,,,,,,,,,,,,,,,,,,,,,,,,,,,,,,,,
Japan (Miyagi),Onikoube,2026,"1,115 ","3,461 ","2,346 ",150,80,Independent,,,,,,,,,,,,6,,,,,,6,2,2,,,Japan (Miyagi),,,Brighton,2018,"8,755 ","10,500 ","1,745 ","1,050",502,Boyne Resorts,,,,,,1,,3,1,1,,,,,,2,8,7,5B,"1-4, B, S",,U.S. - West,"$1,239",,,,,,,,,,,,,,,,,,,,,,,,,,,,,,,,,,,,,,,,,,,,,,,,,,,,,,,,,,,,,,,,,,,,,,,,,,,,,,,,,,,,,,,,,,,,,,,,,,,,,,,,,,,,,,,,,,,,,,,,,,,,,,,,,,,,,,,,,,,,,,,,,,,,,,,,,,,,,,,,,,,,,,,,,,,,,,,,,,,,,,,,,,,,,,,,,,,,,,,,,,,,,,,,,,,,,,,,,,,,,,,,,,,,,,,,,,,,,,,,,,,,,,,,,,,,,,,,,,,,,,,,,,,,,,,,,,,,,,,,,,,,,,,,,,,,,,,,,,,,,,,,,,,,,,,,,,,,,,
Japan (Nagano),Kurohime Kogen Snow Park,2025,"2,526 ","3,937 ","1,411 ",,251,Independent,,,,,,,,,,1,,5,,,,,2,8,2,2,,,Japan (Nagano),,,Deer Valley,2018,"6,530 ","9,570 ","3,040 ","4,300",294,Alterra ,,2,,,,2,,21,1,5,1,,,1,,8,41,7,,,,U.S. - West,"$3,900",,,,,,,,,,,,,,,,,,,,,,,,,,,,,,,,,,,,,,,,,,,,,,,,,,,,,,,,,,,,,,,,,,,,,,,,,,,,,,,,,,,,,,,,,,,,,,,,,,,,,,,,,,,,,,,,,,,,,,,,,,,,,,,,,,,,,,,,,,,,,,,,,,,,,,,,,,,,,,,,,,,,,,,,,,,,,,,,,,,,,,,,,,,,,,,,,,,,,,,,,,,,,,,,,,,,,,,,,,,,,,,,,,,,,,,,,,,,,,,,,,,,,,,,,,,,,,,,,,,,,,,,,,,,,,,,,,,,,,,,,,,,,,,,,,,,,,,,,,,,,,,,,,,,,,,,,,,,,,
,Tangram Ski Circus (Tangram Madarao),2024,"2,625 ","4,331 ","1,706 ",124,,Independent,,,,,,,,,,2,,3,,,,,2,7,2,2,,,Japan (Nagano),,,Snowbasin,2022,"6,316 ","9,318 ","3,002 ","3,000",324,Holding Family,1,2,,,,3,,3,,1,,,,,1,2,13,7,,,2,U.S. - West,"$1,279",,,,,,,,,,,,,,,,,,,,,,,,,,,,,,,,,,,,,,,,,,,,,,,,,,,,,,,,,,,,,,,,,,,,,,,,,,,,,,,,,,,,,,,,,,,,,,,,,,,,,,,,,,,,,,,,,,,,,,,,,,,,,,,,,,,,,,,,,,,,,,,,,,,,,,,,,,,,,,,,,,,,,,,,,,,,,,,,,,,,,,,,,,,,,,,,,,,,,,,,,,,,,,,,,,,,,,,,,,,,,,,,,,,,,,,,,,,,,,,,,,,,,,,,,,,,,,,,,,,,,,,,,,,,,,,,,,,,,,,,,,,,,,,,,,,,,,,,,,,,,,,,,,,,,,,,,,,,,,
,Togakushi,2023,"3,937 ","5,741 ","1,804 ",146,299,Independent,,,,,,,,,2,,,2,,,,,,7,2,2,,,Japan (Nagano),,,Snowbird,2018,"7,760 ","11,000 ","3,240 ","2,500",498,Powdr,1,,,,,,,6,2,,2,,,,,3,14,7S,5B,,2,U.S. - West,"$1,499",,,,,,,,,,,,,,,,,,,,,,,,,,,,,,,,,,,,,,,,,,,,,,,,,,,,,,,,,,,,,,,,,,,,,,,,,,,,,,,,,,,,,,,,,,,,,,,,,,,,,,,,,,,,,,,,,,,,,,,,,,,,,,,,,,,,,,,,,,,,,,,,,,,,,,,,,,,,,,,,,,,,,,,,,,,,,,,,,,,,,,,,,,,,,,,,,,,,,,,,,,,,,,,,,,,,,,,,,,,,,,,,,,,,,,,,,,,,,,,,,,,,,,,,,,,,,,,,,,,,,,,,,,,,,,,,,,,,,,,,,,,,,,,,,,,,,,,,,,,,,,,,,,,,,,,,,,,,,,
Japan (Niigata),Cupid Valley Ski Resort,2024,"1,411 ","3,150 ","1,739 ",77,,Independent,,,,,,,,,,2,,1,,,,,,3,2,2,,,Japan (Niigata),,,Solitude,2018,"7,994 ","10,035 ","2,041 ","1,200",438,Alterra ,,,,,,1,,3,2,1,1,,,,,1,9,U,U,"1-4, B, S",,U.S. - West,"$1,019",,,,,,,,,,,,,,,,,,,,,,,,,,,,,,,,,,,,,,,,,,,,,,,,,,,,,,,,,,,,,,,,,,,,,,,,,,,,,,,,,,,,,,,,,,,,,,,,,,,,,,,,,,,,,,,,,,,,,,,,,,,,,,,,,,,,,,,,,,,,,,,,,,,,,,,,,,,,,,,,,,,,,,,,,,,,,,,,,,,,,,,,,,,,,,,,,,,,,,,,,,,,,,,,,,,,,,,,,,,,,,,,,,,,,,,,,,,,,,,,,,,,,,,,,,,,,,,,,,,,,,,,,,,,,,,,,,,,,,,,,,,,,,,,,,,,,,,,,,,,,,,,,,,,,,,,,,,,,,
,Maiko Snow Resort,2024,853 ,"3,018 ","2,165 ",,350,Independent,,,1,,,,,,4,,,4,,,,,,12,2,2,,,Japan (Niigata),,U.S. - Vermont,Killington,2018,"1,165 ","4,142 ","2,977 ","1,509",230,Phill Gross,,2,,,,2,,4,6,1,1,,,1,,3,20,7S,5SB,"1-4, B, S",,U.S. - East,"$1,529",,,,,,,,,,,,,,,,,,,,,,,,,,,,,,,,,,,,,,,,,,,,,,,,,,,,,,,,,,,,,,,,,,,,,,,,,,,,,,,,,,,,,,,,,,,,,,,,,,,,,,,,,,,,,,,,,,,,,,,,,,,,,,,,,,,,,,,,,,,,,,,,,,,,,,,,,,,,,,,,,,,,,,,,,,,,,,,,,,,,,,,,,,,,,,,,,,,,,,,,,,,,,,,,,,,,,,,,,,,,,,,,,,,,,,,,,,,,,,,,,,,,,,,,,,,,,,,,,,,,,,,,,,,,,,,,,,,,,,,,,,,,,,,,,,,,,,,,,,,,,,,,,,,,,,,,,,,,,,
,Muica Snow Resort,2024,"1,142 ","2,454 ","1,312 ",244,394,Independent,,,,,,,,,,1,,3,,,,,1,5,2,2,,,Japan (Niigata),,,Pico,2018,"2,000 ","3,967 ","1,967 ",468,230,Phill Gross,,,,,,,,2,,2,,,,,1,2,7,7S,5SB,"1-4, B, S",,U.S. - East,$579,,,,,,,,,,,,,,,,,,,,,,,,,,,,,,,,,,,,,,,,,,,,,,,,,,,,,,,,,,,,,,,,,,,,,,,,,,,,,,,,,,,,,,,,,,,,,,,,,,,,,,,,,,,,,,,,,,,,,,,,,,,,,,,,,,,,,,,,,,,,,,,,,,,,,,,,,,,,,,,,,,,,,,,,,,,,,,,,,,,,,,,,,,,,,,,,,,,,,,,,,,,,,,,,,,,,,,,,,,,,,,,,,,,,,,,,,,,,,,,,,,,,,,,,,,,,,,,,,,,,,,,,,,,,,,,,,,,,,,,,,,,,,,,,,,,,,,,,,,,,,,,,,,,,,,,,,,,,,,
,Ninox Snow Park,2024,"1,040 ","1,748 ",708 ,49,,Independent,,,,,,,,,,1,,1,,,,,,2,2,2,,,Japan (Niigata),,,Stratton,2018,"1,872 ","3,875 ","2,003 ",670,180,Alterra ,,1,,,,4,,1,2,1,1,,,,,4,14,U,UB,"1-4, B, S",,U.S. - East,"$1,389",,,,,,,,,,,,,,,,,,,,,,,,,,,,,,,,,,,,,,,,,,,,,,,,,,,,,,,,,,,,,,,,,,,,,,,,,,,,,,,,,,,,,,,,,,,,,,,,,,,,,,,,,,,,,,,,,,,,,,,,,,,,,,,,,,,,,,,,,,,,,,,,,,,,,,,,,,,,,,,,,,,,,,,,,,,,,,,,,,,,,,,,,,,,,,,,,,,,,,,,,,,,,,,,,,,,,,,,,,,,,,,,,,,,,,,,,,,,,,,,,,,,,,,,,,,,,,,,,,,,,,,,,,,,,,,,,,,,,,,,,,,,,,,,,,,,,,,,,,,,,,,,,,,,,,,,,,,,,,
,Yuzawa Nakazato,2024,"1,503 ","2,303 ",801 ,326,531,Independent,,,,,,,,,1,,,5,,,,,1,7,2,2,,,Japan (Niigata),,,Sugarbush,2018,"1,483 ","4,083 ","2,600 ",581,267,Alterra ,,,,,,,,5,6,1,1,1,,,,3,17,U,UB,"1-4, B, S",,U.S. - East,"$1,449",,,,,,,,,,,,,,,,,,,,,,,,,,,,,,,,,,,,,,,,,,,,,,,,,,,,,,,,,,,,,,,,,,,,,,,,,,,,,,,,,,,,,,,,,,,,,,,,,,,,,,,,,,,,,,,,,,,,,,,,,,,,,,,,,,,,,,,,,,,,,,,,,,,,,,,,,,,,,,,,,,,,,,,,,,,,,,,,,,,,,,,,,,,,,,,,,,,,,,,,,,,,,,,,,,,,,,,,,,,,,,,,,,,,,,,,,,,,,,,,,,,,,,,,,,,,,,,,,,,,,,,,,,,,,,,,,,,,,,,,,,,,,,,,,,,,,,,,,,,,,,,,,,,,,,,,,,,,,,
U.S. - Alaska,Arctic Valley,2022,"2,525 ","3,898 ","1,373 ",320,250,Independent,Public w/Aerial Lifts,,,,,,,,,,,2,1,,,1,,4,2,2,,,U.S. - West,,U.S. - Washington,Crystal Mountain WA,2018,"4,400 ","7,002 ","2,602 ","2,300",348,Alterra ,,1,,,,2,,2,1,2,2,,,,,1,11,U,5B,"1-4, B, S",,U.S. - West,"$1,449",,,,,,,,,,,,,,,,,,,,,,,,,,,,,,,,,,,,,,,,,,,,,,,,,,,,,,,,,,,,,,,,,,,,,,,,,,,,,,,,,,,,,,,,,,,,,,,,,,,,,,,,,,,,,,,,,,,,,,,,,,,,,,,,,,,,,,,,,,,,,,,,,,,,,,,,,,,,,,,,,,,,,,,,,,,,,,,,,,,,,,,,,,,,,,,,,,,,,,,,,,,,,,,,,,,,,,,,,,,,,,,,,,,,,,,,,,,,,,,,,,,,,,,,,,,,,,,,,,,,,,,,,,,,,,,,,,,,,,,,,,,,,,,,,,,,,,,,,,,,,,,,,,,,,,,,,,,,,,
,Eaglecrest,2019,"1,144 ","2,545 ","1,401 ",640,350,Independent,Public w/Aerial Lifts,,,,,,,,,,,4,,,,,,4,2,2,,$745.20,U.S. - West,,,Snoqualmie: Alpental,2018,"3,140 ","5,420 ","2,280 ",875,428,Boyne Resorts,,,,,,,,1,,3,1,,,,,1,6,"7, S, R","5, S, R, B","1-4, B, S",,U.S. - West,$879,,,,,,,,,,,,,,,,,,,,,,,,,,,,,,,,,,,,,,,,,,,,,,,,,,,,,,,,,,,,,,,,,,,,,,,,,,,,,,,,,,,,,,,,,,,,,,,,,,,,,,,,,,,,,,,,,,,,,,,,,,,,,,,,,,,,,,,,,,,,,,,,,,,,,,,,,,,,,,,,,,,,,,,,,,,,,,,,,,,,,,,,,,,,,,,,,,,,,,,,,,,,,,,,,,,,,,,,,,,,,,,,,,,,,,,,,,,,,,,,,,,,,,,,,,,,,,,,,,,,,,,,,,,,,,,,,,,,,,,,,,,,,,,,,,,,,,,,,,,,,,,,,,,,,,,,,,,,,,
,Hilltop,2025,492 ,786 ,294 ,35,76,Independent,Public w/Aerial Lifts,,,,,,,,,,1,,,,1,,1,3,2,2,,,U.S. - West,,,Snoqualmie: Summit,2018,"2,610 ","3,865 ","1,255 ","1,119",,Boyne Resorts,,,,,,,,2,5,3,5,,,,,4,19,"7, S, R","5, S, R, B","1-4, B, S",,U.S. - West,$709,,,,,,,,,,,,,,,,,,,,,,,,,,,,,,,,,,,,,,,,,,,,,,,,,,,,,,,,,,,,,,,,,,,,,,,,,,,,,,,,,,,,,,,,,,,,,,,,,,,,,,,,,,,,,,,,,,,,,,,,,,,,,,,,,,,,,,,,,,,,,,,,,,,,,,,,,,,,,,,,,,,,,,,,,,,,,,,,,,,,,,,,,,,,,,,,,,,,,,,,,,,,,,,,,,,,,,,,,,,,,,,,,,,,,,,,,,,,,,,,,,,,,,,,,,,,,,,,,,,,,,,,,,,,,,,,,,,,,,,,,,,,,,,,,,,,,,,,,,,,,,,,,,,,,,,,,,,,,,
,Moose Mountain,2023,,,"1,300 ",750,100,Independent,Public - Surface Lifts Only,,,,,,,,,,,,,,,1,,1,2,2,,,U.S. - West,,U.S. - West Virginia,Silver Creek (Snowshoe),2018,,,703 ,,150,Alterra ,,,,,,,,,2,2,,,,,1,1,6,U,U,"1-4, B, S",,U.S. - East,$329,,,,,,,,,,,,,,,,,,,,,,,,,,,,,,,,,,,,,,,,,,,,,,,,,,,,,,,,,,,,,,,,,,,,,,,,,,,,,,,,,,,,,,,,,,,,,,,,,,,,,,,,,,,,,,,,,,,,,,,,,,,,,,,,,,,,,,,,,,,,,,,,,,,,,,,,,,,,,,,,,,,,,,,,,,,,,,,,,,,,,,,,,,,,,,,,,,,,,,,,,,,,,,,,,,,,,,,,,,,,,,,,,,,,,,,,,,,,,,,,,,,,,,,,,,,,,,,,,,,,,,,,,,,,,,,,,,,,,,,,,,,,,,,,,,,,,,,,,,,,,,,,,,,,,,,,,,,,,,
,Mount Eyak,2024,,,800 ,100,350,Independent,Public w/Aerial Lifts,,,,,,,,,,,,,,,1,,2,2,2,,,U.S. - West,,,Snowshoe/Western Territory,2018,"3,348 ","4,848 ","1,500 ",257,150,Alterra ,,,,,,,,3,1,3,,,,,,,7,U,U,"1-4, B, S",,U.S. - East,$519,,,,,,,,,,,,,,,,,,,,,,,,,,,,,,,,,,,,,,,,,,,,,,,,,,,,,,,,,,,,,,,,,,,,,,,,,,,,,,,,,,,,,,,,,,,,,,,,,,,,,,,,,,,,,,,,,,,,,,,,,,,,,,,,,,,,,,,,,,,,,,,,,,,,,,,,,,,,,,,,,,,,,,,,,,,,,,,,,,,,,,,,,,,,,,,,,,,,,,,,,,,,,,,,,,,,,,,,,,,,,,,,,,,,,,,,,,,,,,,,,,,,,,,,,,,,,,,,,,,,,,,,,,,,,,,,,,,,,,,,,,,,,,,,,,,,,,,,,,,,,,,,,,,,,,,,,,,,,,
U.S. - California,Bear Valley,2024,"6,595 ","8,495 ","1,900 ","1,680",352,California Mountain Resort Company,Public w/Aerial Lifts,,,,,,1,,1,1,2,2,,,,,2,9,2B,2,,$579,U.S. - West,,U.S. - Wisconsin,Devil’s Head,2026,495 ,995 ,500 ,300,70,Independent,,,,,,,,,6,,,,,,2,,8,"2, B",,,,U.S. - Midwest,$499,,,,,,,,,,,,,,,,,,,,,,,,,,,,,,,,,,,,,,,,,,,,,,,,,,,,,,,,,,,,,,,,,,,,,,,,,,,,,,,,,,,,,,,,,,,,,,,,,,,,,,,,,,,,,,,,,,,,,,,,,,,,,,,,,,,,,,,,,,,,,,,,,,,,,,,,,,,,,,,,,,,,,,,,,,,,,,,,,,,,,,,,,,,,,,,,,,,,,,,,,,,,,,,,,,,,,,,,,,,,,,,,,,,,,,,,,,,,,,,,,,,,,,,,,,,,,,,,,,,,,,,,,,,,,,,,,,,,,,,,,,,,,,,,,,,,,,,,,,,,,,,,,,,,,,,,,,,,,,
,China Peak,2020,"7,030 ","8,709 ","1,679 ","1,200",300,California Mountain Resort Company,Public w/Aerial Lifts,,,,,,,,,2,4,,1,,,,4,11,2,2,,$579,U.S. - West,,,Granite Peak,2026,"1,242 ","1,900 ",658 ,400,60,Midwest Family Ski Resorts,,,,,,1,,2,,2,,,,,,2,7,7,"5, B","1-4, B, S",,U.S. - Midwest,$849,,,,,,,,,,,,,,,,,,,,,,,,,,,,,,,,,,,,,,,,,,,,,,,,,,,,,,,,,,,,,,,,,,,,,,,,,,,,,,,,,,,,,,,,,,,,,,,,,,,,,,,,,,,,,,,,,,,,,,,,,,,,,,,,,,,,,,,,,,,,,,,,,,,,,,,,,,,,,,,,,,,,,,,,,,,,,,,,,,,,,,,,,,,,,,,,,,,,,,,,,,,,,,,,,,,,,,,,,,,,,,,,,,,,,,,,,,,,,,,,,,,,,,,,,,,,,,,,,,,,,,,,,,,,,,,,,,,,,,,,,,,,,,,,,,,,,,,,,,,,,,,,,,,,,,,,,,,,,,
,Dodge Ridge,2022,"6,600 ","8,200 ","1,600 ",862,300,California Mountain Resort Company,Public w/Aerial Lifts,,,,,,,,,1,3,3,1,,,1,2,11,2B,2,,$579,U.S. - West,,U.S. - Wyoming,Jackson Hole,2018,"6,311 ","10,450 ","4,139 ","2,500",369,Independent,1,2,,,,,,6,3,,1,,,,1,2,16,"7, R",,,2,U.S. - West,"$2,449",,,,,,,,,,,,,,,,,,,,,,,,,,,,,,,,,,,,,,,,,,,,,,,,,,,,,,,,,,,,,,,,,,,,,,,,,,,,,,,,,,,,,,,,,,,,,,,,,,,,,,,,,,,,,,,,,,,,,,,,,,,,,,,,,,,,,,,,,,,,,,,,,,,,,,,,,,,,,,,,,,,,,,,,,,,,,,,,,,,,,,,,,,,,,,,,,,,,,,,,,,,,,,,,,,,,,,,,,,,,,,,,,,,,,,,,,,,,,,,,,,,,,,,,,,,,,,,,,,,,,,,,,,,,,,,,,,,,,,,,,,,,,,,,,,,,,,,,,,,,,,,,,,,,,,,,,,,,,,
,Donner Ski Ranch,2025,"6,981 ","7,781 ",800 ,500,389,Independent,Public w/Aerial Lifts,,,,,,,,,,1,5,,,,,2,8,2,2,,,U.S. - West,,,,,,,,,,,,,,,,,,,,,,,,,,,,,,,,,,,,,,,,,,,,,,,,,,,,,,,,,,,,,,,,,,,,,,,,,,,,,,,,,,,,,,,,,,,,,,,,,,,,,,,,,,,,,,,,,,,,,,,,,,,,,,,,,,,,,,,,,,,,,,,,,,,,,,,,,,,,,,,,,,,,,,,,,,,,,,,,,,,,,,,,,,,,,,,,,,,,,,,,,,,,,,,,,,,,,,,,,,,,,,,,,,,,,,,,,,,,,,,,,,,,,,,,,,,,,,,,,,,,,,,,,,,,,,,,,,,,,,,,,,,,,,,,,,,,,,,,,,,,,,,,,,,,,,,,,,,,,,,,,,,,,,,,,,,,,,,,,,,,,,,,,,,,,,,
,Mountain  High: West,2022,"7,000 ","8,000 ","1,000 ",145,117,California Mountain Resort Company,Public w/Aerial Lifts,,,,,,,,1,,3,2,,,,,2,8,2SB,2S,,$579,U.S. - West,,,,,,,,,,,,,,,,,,,,,,,,,,,,,,,,,,,,,,,,,,,,,,,,,,,,,,,,,,,,,,,,,,,,,,,,,,,,,,,,,,,,,,,,,,,,,,,,,,,,,,,,,,,,,,,,,,,,,,,,,,,,,,,,,,,,,,,,,,,,,,,,,,,,,,,,,,,,,,,,,,,,,,,,,,,,,,,,,,,,,,,,,,,,,,,,,,,,,,,,,,,,,,,,,,,,,,,,,,,,,,,,,,,,,,,,,,,,,,,,,,,,,,,,,,,,,,,,,,,,,,,,,,,,,,,,,,,,,,,,,,,,,,,,,,,,,,,,,,,,,,,,,,,,,,,,,,,,,,,,,,,,,,,,,,,,,,,,,,,,,,,,,,,,,,,
,Mountain High: East,2022,"6,600 ","8,200 ","1,600 ",145,117,California Mountain Resort Company,Public w/Aerial Lifts,,,,,,,,1,1,,2,,,,,1,5,2SB,2S,,$579,U.S. - West,,,,,,,,,,,,,,,,,,,,,,,,,,,,,,,,,,,,,,,,,,,,,,,,,,,,,,,,,,,,,,,,,,,,,,,,,,,,,,,,,,,,,,,,,,,,,,,,,,,,,,,,,,,,,,,,,,,,,,,,,,,,,,,,,,,,,,,,,,,,,,,,,,,,,,,,,,,,,,,,,,,,,,,,,,,,,,,,,,,,,,,,,,,,,,,,,,,,,,,,,,,,,,,,,,,,,,,,,,,,,,,,,,,,,,,,,,,,,,,,,,,,,,,,,,,,,,,,,,,,,,,,,,,,,,,,,,,,,,,,,,,,,,,,,,,,,,,,,,,,,,,,,,,,,,,,,,,,,,,,,,,,,,,,,,,,,,,,,,,,,,,,,,,,,,,
,Mt. Shasta,2019,"5,500 ","7,536 ","2,036 ",635,157,Independent,Public w/Aerial Lifts,,,,,,,,,1,3,,,,,,2,6,2B,2,,$429,U.S. - West,,,,,,,,,,,,,,,,,,,,,,,,,,,,,,,,,,,,,,,,,,,,,,,,,,,,,,,,,,,,,,,,,,,,,,,,,,,,,,,,,,,,,,,,,,,,,,,,,,,,,,,,,,,,,,,,,,,,,,,,,,,,,,,,,,,,,,,,,,,,,,,,,,,,,,,,,,,,,,,,,,,,,,,,,,,,,,,,,,,,,,,,,,,,,,,,,,,,,,,,,,,,,,,,,,,,,,,,,,,,,,,,,,,,,,,,,,,,,,,,,,,,,,,,,,,,,,,,,,,,,,,,,,,,,,,,,,,,,,,,,,,,,,,,,,,,,,,,,,,,,,,,,,,,,,,,,,,,,,,,,,,,,,,,,,,,,,,,,,,,,,,,,,,,,,,
U.S. - Colorado,Cuchara,2025,"9,248 ","9,514 ",266 ,43,200,Independent,Public w/Aerial Lifts,,,,,,,,,,,1,,,,,,1,2,2,,$250,U.S. - West,,,,,,,,,,,,,,,,,,,,,,,,,,,,,,,,,,,,,,,,,,,,,,,,,,,,,,,,,,,,,,,,,,,,,,,,,,,,,,,,,,,,,,,,,,,,,,,,,,,,,,,,,,,,,,,,,,,,,,,,,,,,,,,,,,,,,,,,,,,,,,,,,,,,,,,,,,,,,,,,,,,,,,,,,,,,,,,,,,,,,,,,,,,,,,,,,,,,,,,,,,,,,,,,,,,,,,,,,,,,,,,,,,,,,,,,,,,,,,,,,,,,,,,,,,,,,,,,,,,,,,,,,,,,,,,,,,,,,,,,,,,,,,,,,,,,,,,,,,,,,,,,,,,,,,,,,,,,,,,,,,,,,,,,,,,,,,,,,,,,,,,,,,,,,,,
,Echo Mountain,2022,"10,050 ","10,650 ",600 ,60,150,Independent,Public w/Aerial Lifts,,,,,,,,,,1,,,,,,1,2,2,2,,,U.S. - West,,,,,,,,,,,,,,,,,,,,,,,,,,,,,,,,,,,,,,,,,,,,,,,,,,,,,,,,,,,,,,,,,,,,,,,,,,,,,,,,,,,,,,,,,,,,,,,,,,,,,,,,,,,,,,,,,,,,,,,,,,,,,,,,,,,,,,,,,,,,,,,,,,,,,,,,,,,,,,,,,,,,,,,,,,,,,,,,,,,,,,,,,,,,,,,,,,,,,,,,,,,,,,,,,,,,,,,,,,,,,,,,,,,,,,,,,,,,,,,,,,,,,,,,,,,,,,,,,,,,,,,,,,,,,,,,,,,,,,,,,,,,,,,,,,,,,,,,,,,,,,,,,,,,,,,,,,,,,,,,,,,,,,,,,,,,,,,,,,,,,,,,,,,,,,,
,Granby Ranch,2022,"8,202 ","9,202 ","1,000 ",406,200,Independent,Public w/Aerial Lifts,,,,,,,,1,1,1,1,,,,,2,6,2B,2,,$639,U.S. - West,,,,,,,,,,,,,,,,,,,,,,,,,,,,,,,,,,,,,,,,,,,,,,,,,,,,,,,,,,,,,,,,,,,,,,,,,,,,,,,,,,,,,,,,,,,,,,,,,,,,,,,,,,,,,,,,,,,,,,,,,,,,,,,,,,,,,,,,,,,,,,,,,,,,,,,,,,,,,,,,,,,,,,,,,,,,,,,,,,,,,,,,,,,,,,,,,,,,,,,,,,,,,,,,,,,,,,,,,,,,,,,,,,,,,,,,,,,,,,,,,,,,,,,,,,,,,,,,,,,,,,,,,,,,,,,,,,,,,,,,,,,,,,,,,,,,,,,,,,,,,,,,,,,,,,,,,,,,,,,,,,,,,,,,,,,,,,,,,,,,,,,,,,,,,,,
,Hoedown Hill,2024,,,130 ,12,24,Independent,Public - Surface Lifts Only,,,,,,,,,,,,,,,,4,4,2,2,,,U.S. - West,,,,,,,,,,,,,,,,,,,,,,,,,,,,,,,,,,,,,,,,,,,,,,,,,,,,,,,,,,,,,,,,,,,,,,,,,,,,,,,,,,,,,,,,,,,,,,,,,,,,,,,,,,,,,,,,,,,,,,,,,,,,,,,,,,,,,,,,,,,,,,,,,,,,,,,,,,,,,,,,,,,,,,,,,,,,,,,,,,,,,,,,,,,,,,,,,,,,,,,,,,,,,,,,,,,,,,,,,,,,,,,,,,,,,,,,,,,,,,,,,,,,,,,,,,,,,,,,,,,,,,,,,,,,,,,,,,,,,,,,,,,,,,,,,,,,,,,,,,,,,,,,,,,,,,,,,,,,,,,,,,,,,,,,,,,,,,,,,,,,,,,,,,,,,,,
,Howelsen Hill,2023,"6,696 ","7,136 ",440 ,50,170,Independent,Public w/Aerial Lifts,,,,,,,,,,1,,,,1,,2,4,2,2,,,U.S. - West,,,,,,,,,,,,,,,,,,,,,,,,,,,,,,,,,,,,,,,,,,,,,,,,,,,,,,,,,,,,,,,,,,,,,,,,,,,,,,,,,,,,,,,,,,,,,,,,,,,,,,,,,,,,,,,,,,,,,,,,,,,,,,,,,,,,,,,,,,,,,,,,,,,,,,,,,,,,,,,,,,,,,,,,,,,,,,,,,,,,,,,,,,,,,,,,,,,,,,,,,,,,,,,,,,,,,,,,,,,,,,,,,,,,,,,,,,,,,,,,,,,,,,,,,,,,,,,,,,,,,,,,,,,,,,,,,,,,,,,,,,,,,,,,,,,,,,,,,,,,,,,,,,,,,,,,,,,,,,,,,,,,,,,,,,,,,,,,,,,,,,,,,,,,,,,
,Loveland Basin,2024,"10,800 ","12,690 ","1,890 ","1,800",337,Independent,Public w/Aerial Lifts,,,,,,,,1,2,4,,,,,,,7,2S,2S,,$599,U.S. - West,,,,,,,,,,,,,,,,,,,,,,,,,,,,,,,,,,,,,,,,,,,,,,,,,,,,,,,,,,,,,,,,,,,,,,,,,,,,,,,,,,,,,,,,,,,,,,,,,,,,,,,,,,,,,,,,,,,,,,,,,,,,,,,,,,,,,,,,,,,,,,,,,,,,,,,,,,,,,,,,,,,,,,,,,,,,,,,,,,,,,,,,,,,,,,,,,,,,,,,,,,,,,,,,,,,,,,,,,,,,,,,,,,,,,,,,,,,,,,,,,,,,,,,,,,,,,,,,,,,,,,,,,,,,,,,,,,,,,,,,,,,,,,,,,,,,,,,,,,,,,,,,,,,,,,,,,,,,,,,,,,,,,,,,,,,,,,,,,,,,,,,,,,,,,,,
,Loveland Valley,2024,"10,640 ","11,450 ",810 ,,,Independent,Public w/Aerial Lifts,,,,,,,,,2,,,,,,,2,4,2S,2S,,,U.S. - West,,,,,,,,,,,,,,,,,,,,,,,,,,,,,,,,,,,,,,,,,,,,,,,,,,,,,,,,,,,,,,,,,,,,,,,,,,,,,,,,,,,,,,,,,,,,,,,,,,,,,,,,,,,,,,,,,,,,,,,,,,,,,,,,,,,,,,,,,,,,,,,,,,,,,,,,,,,,,,,,,,,,,,,,,,,,,,,,,,,,,,,,,,,,,,,,,,,,,,,,,,,,,,,,,,,,,,,,,,,,,,,,,,,,,,,,,,,,,,,,,,,,,,,,,,,,,,,,,,,,,,,,,,,,,,,,,,,,,,,,,,,,,,,,,,,,,,,,,,,,,,,,,,,,,,,,,,,,,,,,,,,,,,,,,,,,,,,,,,,,,,,,,,,,,,,
,Powderhorn,2024,"8,200 ","9,850 ","1,650 ","1,600",225,Pacific Group Resorts,Public w/Aerial Lifts,,,,,,,,2,,,1,,,,,2,5,2,2,,$399,U.S. - West,,,,,,,,,,,,,,,,,,,,,,,,,,,,,,,,,,,,,,,,,,,,,,,,,,,,,,,,,,,,,,,,,,,,,,,,,,,,,,,,,,,,,,,,,,,,,,,,,,,,,,,,,,,,,,,,,,,,,,,,,,,,,,,,,,,,,,,,,,,,,,,,,,,,,,,,,,,,,,,,,,,,,,,,,,,,,,,,,,,,,,,,,,,,,,,,,,,,,,,,,,,,,,,,,,,,,,,,,,,,,,,,,,,,,,,,,,,,,,,,,,,,,,,,,,,,,,,,,,,,,,,,,,,,,,,,,,,,,,,,,,,,,,,,,,,,,,,,,,,,,,,,,,,,,,,,,,,,,,,,,,,,,,,,,,,,,,,,,,,,,,,,,,,,,,,
,Sunlight,2022,"8,142 ","9,895 ","1,753 ",730,227,Independent,Public w/Aerial Lifts,,,,,,,,,1,2,,,,,,7,10,2,2,1-3B,$639,U.S. - West,,,,,,,,,,,,,,,,,,,,,,,,,,,,,,,,,,,,,,,,,,,,,,,,,,,,,,,,,,,,,,,,,,,,,,,,,,,,,,,,,,,,,,,,,,,,,,,,,,,,,,,,,,,,,,,,,,,,,,,,,,,,,,,,,,,,,,,,,,,,,,,,,,,,,,,,,,,,,,,,,,,,,,,,,,,,,,,,,,,,,,,,,,,,,,,,,,,,,,,,,,,,,,,,,,,,,,,,,,,,,,,,,,,,,,,,,,,,,,,,,,,,,,,,,,,,,,,,,,,,,,,,,,,,,,,,,,,,,,,,,,,,,,,,,,,,,,,,,,,,,,,,,,,,,,,,,,,,,,,,,,,,,,,,,,,,,,,,,,,,,,,,,,,,,,,
U.S. - Connecticut,Mohawk Mountain,2019,960 ,"1,600 ",640 ,112,92,Independent,Public w/Aerial Lifts,,,,,,,,,,5,,,,,,4,9,2B,2,,,U.S. - East,,,,,,,,,,,,,,,,,,,,,,,,,,,,,,,,,,,,,,,,,,,,,,,,,,,,,,,,,,,,,,,,,,,,,,,,,,,,,,,,,,,,,,,,,,,,,,,,,,,,,,,,,,,,,,,,,,,,,,,,,,,,,,,,,,,,,,,,,,,,,,,,,,,,,,,,,,,,,,,,,,,,,,,,,,,,,,,,,,,,,,,,,,,,,,,,,,,,,,,,,,,,,,,,,,,,,,,,,,,,,,,,,,,,,,,,,,,,,,,,,,,,,,,,,,,,,,,,,,,,,,,,,,,,,,,,,,,,,,,,,,,,,,,,,,,,,,,,,,,,,,,,,,,,,,,,,,,,,,,,,,,,,,,,,,,,,,,,,,,,,,,,,,,,,,,
U.S. - Idaho,Brundage,2019,"5,882 ","7,803 ","1,921 ","1,920",297,Independent,Public w/Aerial Lifts,,,,,,,,2,,3,,,,,,1,6,2B,2,,$599,U.S. - West,,,,,,,,,,,,,,,,,,,,,,,,,,,,,,,,,,,,,,,,,,,,,,,,,,,,,,,,,,,,,,,,,,,,,,,,,,,,,,,,,,,,,,,,,,,,,,,,,,,,,,,,,,,,,,,,,,,,,,,,,,,,,,,,,,,,,,,,,,,,,,,,,,,,,,,,,,,,,,,,,,,,,,,,,,,,,,,,,,,,,,,,,,,,,,,,,,,,,,,,,,,,,,,,,,,,,,,,,,,,,,,,,,,,,,,,,,,,,,,,,,,,,,,,,,,,,,,,,,,,,,,,,,,,,,,,,,,,,,,,,,,,,,,,,,,,,,,,,,,,,,,,,,,,,,,,,,,,,,,,,,,,,,,,,,,,,,,,,,,,,,,,,,,,,,,
,Kelly Canyon,2022,"5,600 ","6,800 ","1,200 ",640,250,Independent,Public w/Aerial Lifts,,,,,,,,,,1,2,,,,,1,4,2,2,1-3B,$599,U.S. - West,,,,,,,,,,,,,,,,,,,,,,,,,,,,,,,,,,,,,,,,,,,,,,,,,,,,,,,,,,,,,,,,,,,,,,,,,,,,,,,,,,,,,,,,,,,,,,,,,,,,,,,,,,,,,,,,,,,,,,,,,,,,,,,,,,,,,,,,,,,,,,,,,,,,,,,,,,,,,,,,,,,,,,,,,,,,,,,,,,,,,,,,,,,,,,,,,,,,,,,,,,,,,,,,,,,,,,,,,,,,,,,,,,,,,,,,,,,,,,,,,,,,,,,,,,,,,,,,,,,,,,,,,,,,,,,,,,,,,,,,,,,,,,,,,,,,,,,,,,,,,,,,,,,,,,,,,,,,,,,,,,,,,,,,,,,,,,,,,,,,,,,,,,,,,,,
,Little Ski Hill,2025,"5,184 ","5,577 ",393 ,40,150,Independent,Public - Surface Lifts Only,,,,,,,,,,,,1,,,,,1,2,2,,,U.S. - West,,,,,,,,,,,,,,,,,,,,,,,,,,,,,,,,,,,,,,,,,,,,,,,,,,,,,,,,,,,,,,,,,,,,,,,,,,,,,,,,,,,,,,,,,,,,,,,,,,,,,,,,,,,,,,,,,,,,,,,,,,,,,,,,,,,,,,,,,,,,,,,,,,,,,,,,,,,,,,,,,,,,,,,,,,,,,,,,,,,,,,,,,,,,,,,,,,,,,,,,,,,,,,,,,,,,,,,,,,,,,,,,,,,,,,,,,,,,,,,,,,,,,,,,,,,,,,,,,,,,,,,,,,,,,,,,,,,,,,,,,,,,,,,,,,,,,,,,,,,,,,,,,,,,,,,,,,,,,,,,,,,,,,,,,,,,,,,,,,,,,,,,,,,,,,,
,Magic Mountain,2025,"6,500 ","7,240 ",740 ,120,230,Independent,"Public w/Aerial Lifts - On Status Watch, On Status Watch",,,,,,,,,,,1,,,,,2,3,2,2,1-3B,,U.S. - West,,,,,,,,,,,,,,,,,,,,,,,,,,,,,,,,,,,,,,,,,,,,,,,,,,,,,,,,,,,,,,,,,,,,,,,,,,,,,,,,,,,,,,,,,,,,,,,,,,,,,,,,,,,,,,,,,,,,,,,,,,,,,,,,,,,,,,,,,,,,,,,,,,,,,,,,,,,,,,,,,,,,,,,,,,,,,,,,,,,,,,,,,,,,,,,,,,,,,,,,,,,,,,,,,,,,,,,,,,,,,,,,,,,,,,,,,,,,,,,,,,,,,,,,,,,,,,,,,,,,,,,,,,,,,,,,,,,,,,,,,,,,,,,,,,,,,,,,,,,,,,,,,,,,,,,,,,,,,,,,,,,,,,,,,,,,,,,,,,,,,,,,,,,,,,,
,Pebble Creek,2026,"6,360 ","8,560 ","2,200 ","1,100",225,Independent,Public w/Aerial Lifts,,,,,,,,,,3,,,,,,1,4,2,2,,,U.S. - West,,,,,,,,,,,,,,,,,,,,,,,,,,,,,,,,,,,,,,,,,,,,,,,,,,,,,,,,,,,,,,,,,,,,,,,,,,,,,,,,,,,,,,,,,,,,,,,,,,,,,,,,,,,,,,,,,,,,,,,,,,,,,,,,,,,,,,,,,,,,,,,,,,,,,,,,,,,,,,,,,,,,,,,,,,,,,,,,,,,,,,,,,,,,,,,,,,,,,,,,,,,,,,,,,,,,,,,,,,,,,,,,,,,,,,,,,,,,,,,,,,,,,,,,,,,,,,,,,,,,,,,,,,,,,,,,,,,,,,,,,,,,,,,,,,,,,,,,,,,,,,,,,,,,,,,,,,,,,,,,,,,,,,,,,,,,,,,,,,,,,,,,,,,,,,,
,Pomerelle,2021,"7,760 ","8,762 ","1,002 ",500,325,Independent,Public w/Aerial Lifts,,,,,,,,,,2,,,,,,1,3,2,2,,,U.S. - West,,,,,,,,,,,,,,,,,,,,,,,,,,,,,,,,,,,,,,,,,,,,,,,,,,,,,,,,,,,,,,,,,,,,,,,,,,,,,,,,,,,,,,,,,,,,,,,,,,,,,,,,,,,,,,,,,,,,,,,,,,,,,,,,,,,,,,,,,,,,,,,,,,,,,,,,,,,,,,,,,,,,,,,,,,,,,,,,,,,,,,,,,,,,,,,,,,,,,,,,,,,,,,,,,,,,,,,,,,,,,,,,,,,,,,,,,,,,,,,,,,,,,,,,,,,,,,,,,,,,,,,,,,,,,,,,,,,,,,,,,,,,,,,,,,,,,,,,,,,,,,,,,,,,,,,,,,,,,,,,,,,,,,,,,,,,,,,,,,,,,,,,,,,,,,,
,Silver Mountain,2019,"4,100 ","6,300 ","2,200 ","1,600",328,CMR Lands,Public w/Aerial Lifts,,1,,,,,,,1,2,2,,,,,,6,2B,2,,$509,U.S. - West,,,,,,,,,,,,,,,,,,,,,,,,,,,,,,,,,,,,,,,,,,,,,,,,,,,,,,,,,,,,,,,,,,,,,,,,,,,,,,,,,,,,,,,,,,,,,,,,,,,,,,,,,,,,,,,,,,,,,,,,,,,,,,,,,,,,,,,,,,,,,,,,,,,,,,,,,,,,,,,,,,,,,,,,,,,,,,,,,,,,,,,,,,,,,,,,,,,,,,,,,,,,,,,,,,,,,,,,,,,,,,,,,,,,,,,,,,,,,,,,,,,,,,,,,,,,,,,,,,,,,,,,,,,,,,,,,,,,,,,,,,,,,,,,,,,,,,,,,,,,,,,,,,,,,,,,,,,,,,,,,,,,,,,,,,,,,,,,,,,,,,,,,,,,,,,
,Soldier Mountain,2021,"5,756 ","7,177 ","1,421 ","1,142",175,Independent,Public w/Aerial Lifts,,,,,,,,,,,2,,,,,1,3,2,2,1-3,,U.S. - West,,,,,,,,,,,,,,,,,,,,,,,,,,,,,,,,,,,,,,,,,,,,,,,,,,,,,,,,,,,,,,,,,,,,,,,,,,,,,,,,,,,,,,,,,,,,,,,,,,,,,,,,,,,,,,,,,,,,,,,,,,,,,,,,,,,,,,,,,,,,,,,,,,,,,,,,,,,,,,,,,,,,,,,,,,,,,,,,,,,,,,,,,,,,,,,,,,,,,,,,,,,,,,,,,,,,,,,,,,,,,,,,,,,,,,,,,,,,,,,,,,,,,,,,,,,,,,,,,,,,,,,,,,,,,,,,,,,,,,,,,,,,,,,,,,,,,,,,,,,,,,,,,,,,,,,,,,,,,,,,,,,,,,,,,,,,,,,,,,,,,,,,,,,,,,,
U.S. - Illinois,Chestnut,2022,,,475 ,220,34,Independent,Public w/Aerial Lifts,,,,,,,,,2,4,,,,,1,2,9,2,2,1-3B,,U.S. - Midwest,,,,,,,,,,,,,,,,,,,,,,,,,,,,,,,,,,,,,,,,,,,,,,,,,,,,,,,,,,,,,,,,,,,,,,,,,,,,,,,,,,,,,,,,,,,,,,,,,,,,,,,,,,,,,,,,,,,,,,,,,,,,,,,,,,,,,,,,,,,,,,,,,,,,,,,,,,,,,,,,,,,,,,,,,,,,,,,,,,,,,,,,,,,,,,,,,,,,,,,,,,,,,,,,,,,,,,,,,,,,,,,,,,,,,,,,,,,,,,,,,,,,,,,,,,,,,,,,,,,,,,,,,,,,,,,,,,,,,,,,,,,,,,,,,,,,,,,,,,,,,,,,,,,,,,,,,,,,,,,,,,,,,,,,,,,,,,,,,,,,,,,,,,,,,,,
,Snowstar,2023,528 ,790 ,262 ,28,39,Independent,Public w/Aerial Lifts,,,,,,,,,2,,2,,,,,1,5,2,2,,,U.S. - Midwest,,,,,,,,,,,,,,,,,,,,,,,,,,,,,,,,,,,,,,,,,,,,,,,,,,,,,,,,,,,,,,,,,,,,,,,,,,,,,,,,,,,,,,,,,,,,,,,,,,,,,,,,,,,,,,,,,,,,,,,,,,,,,,,,,,,,,,,,,,,,,,,,,,,,,,,,,,,,,,,,,,,,,,,,,,,,,,,,,,,,,,,,,,,,,,,,,,,,,,,,,,,,,,,,,,,,,,,,,,,,,,,,,,,,,,,,,,,,,,,,,,,,,,,,,,,,,,,,,,,,,,,,,,,,,,,,,,,,,,,,,,,,,,,,,,,,,,,,,,,,,,,,,,,,,,,,,,,,,,,,,,,,,,,,,,,,,,,,,,,,,,,,,,,,,,,
U.S. - Iowa,Sundown,2021,584 ,"1,059 ",475 ,85,50,Independent,Public w/Aerial Lifts,,,,,,,,,1,1,2,,,,,2,6,2B,2,1-3B,,U.S. - Midwest,,,,,,,,,,,,,,,,,,,,,,,,,,,,,,,,,,,,,,,,,,,,,,,,,,,,,,,,,,,,,,,,,,,,,,,,,,,,,,,,,,,,,,,,,,,,,,,,,,,,,,,,,,,,,,,,,,,,,,,,,,,,,,,,,,,,,,,,,,,,,,,,,,,,,,,,,,,,,,,,,,,,,,,,,,,,,,,,,,,,,,,,,,,,,,,,,,,,,,,,,,,,,,,,,,,,,,,,,,,,,,,,,,,,,,,,,,,,,,,,,,,,,,,,,,,,,,,,,,,,,,,,,,,,,,,,,,,,,,,,,,,,,,,,,,,,,,,,,,,,,,,,,,,,,,,,,,,,,,,,,,,,,,,,,,,,,,,,,,,,,,,,,,,,,,,
U.S. - Maine,Big Moose,2024,"1,330 ","1,913 ",583 ,,136,Independent,Public w/Aerial Lifts,,,,,,,,,,1,,,,,,1,2,2,2,,,U.S. - East,,,,,,,,,,,,,,,,,,,,,,,,,,,,,,,,,,,,,,,,,,,,,,,,,,,,,,,,,,,,,,,,,,,,,,,,,,,,,,,,,,,,,,,,,,,,,,,,,,,,,,,,,,,,,,,,,,,,,,,,,,,,,,,,,,,,,,,,,,,,,,,,,,,,,,,,,,,,,,,,,,,,,,,,,,,,,,,,,,,,,,,,,,,,,,,,,,,,,,,,,,,,,,,,,,,,,,,,,,,,,,,,,,,,,,,,,,,,,,,,,,,,,,,,,,,,,,,,,,,,,,,,,,,,,,,,,,,,,,,,,,,,,,,,,,,,,,,,,,,,,,,,,,,,,,,,,,,,,,,,,,,,,,,,,,,,,,,,,,,,,,,,,,,,,,,
,Bigrock,2022,670 ,"1,590 ",920 ,90,94,Independent,Public w/Aerial Lifts,,,,,,,,,1,1,,,,,,1,3,2,2,1-3B,,U.S. - East,,,,,,,,,,,,,,,,,,,,,,,,,,,,,,,,,,,,,,,,,,,,,,,,,,,,,,,,,,,,,,,,,,,,,,,,,,,,,,,,,,,,,,,,,,,,,,,,,,,,,,,,,,,,,,,,,,,,,,,,,,,,,,,,,,,,,,,,,,,,,,,,,,,,,,,,,,,,,,,,,,,,,,,,,,,,,,,,,,,,,,,,,,,,,,,,,,,,,,,,,,,,,,,,,,,,,,,,,,,,,,,,,,,,,,,,,,,,,,,,,,,,,,,,,,,,,,,,,,,,,,,,,,,,,,,,,,,,,,,,,,,,,,,,,,,,,,,,,,,,,,,,,,,,,,,,,,,,,,,,,,,,,,,,,,,,,,,,,,,,,,,,,,,,,,,
,Black Mountain of Maine,2022,920 ,"2,070 ","1,150 ",300,120,Independent,Public w/Aerial Lifts,,,,,,,,,,1,1,1,,,1,,4,2,2,,$570,U.S. - East,,,,,,,,,,,,,,,,,,,,,,,,,,,,,,,,,,,,,,,,,,,,,,,,,,,,,,,,,,,,,,,,,,,,,,,,,,,,,,,,,,,,,,,,,,,,,,,,,,,,,,,,,,,,,,,,,,,,,,,,,,,,,,,,,,,,,,,,,,,,,,,,,,,,,,,,,,,,,,,,,,,,,,,,,,,,,,,,,,,,,,,,,,,,,,,,,,,,,,,,,,,,,,,,,,,,,,,,,,,,,,,,,,,,,,,,,,,,,,,,,,,,,,,,,,,,,,,,,,,,,,,,,,,,,,,,,,,,,,,,,,,,,,,,,,,,,,,,,,,,,,,,,,,,,,,,,,,,,,,,,,,,,,,,,,,,,,,,,,,,,,,,,,,,,,,
,Camden Snow Bowl,2024,235 ,"1,085 ",850 ,105,50,Independent,Public w/Aerial Lifts,,,,,,,,,,1,1,,,,,1,3,2,2,,,U.S. - East,,,,,,,,,,,,,,,,,,,,,,,,,,,,,,,,,,,,,,,,,,,,,,,,,,,,,,,,,,,,,,,,,,,,,,,,,,,,,,,,,,,,,,,,,,,,,,,,,,,,,,,,,,,,,,,,,,,,,,,,,,,,,,,,,,,,,,,,,,,,,,,,,,,,,,,,,,,,,,,,,,,,,,,,,,,,,,,,,,,,,,,,,,,,,,,,,,,,,,,,,,,,,,,,,,,,,,,,,,,,,,,,,,,,,,,,,,,,,,,,,,,,,,,,,,,,,,,,,,,,,,,,,,,,,,,,,,,,,,,,,,,,,,,,,,,,,,,,,,,,,,,,,,,,,,,,,,,,,,,,,,,,,,,,,,,,,,,,,,,,,,,,,,,,,,,
,Lost Valley,2024,240 ,480 ,240 ,45,99,Independent,Public w/Aerial Lifts,,,,,,,,,,,3,,,,,1,4,2,2,,$645,U.S. - East,,,,,,,,,,,,,,,,,,,,,,,,,,,,,,,,,,,,,,,,,,,,,,,,,,,,,,,,,,,,,,,,,,,,,,,,,,,,,,,,,,,,,,,,,,,,,,,,,,,,,,,,,,,,,,,,,,,,,,,,,,,,,,,,,,,,,,,,,,,,,,,,,,,,,,,,,,,,,,,,,,,,,,,,,,,,,,,,,,,,,,,,,,,,,,,,,,,,,,,,,,,,,,,,,,,,,,,,,,,,,,,,,,,,,,,,,,,,,,,,,,,,,,,,,,,,,,,,,,,,,,,,,,,,,,,,,,,,,,,,,,,,,,,,,,,,,,,,,,,,,,,,,,,,,,,,,,,,,,,,,,,,,,,,,,,,,,,,,,,,,,,,,,,,,,,
,Mount Abram,2024,950 ,"2,000 ","1,050 ",170,115,Independent,Public w/Aerial Lifts,,,,,,,,,,,2,1,,,,1,4,2,2,1-3,$549,U.S. - East,,,,,,,,,,,,,,,,,,,,,,,,,,,,,,,,,,,,,,,,,,,,,,,,,,,,,,,,,,,,,,,,,,,,,,,,,,,,,,,,,,,,,,,,,,,,,,,,,,,,,,,,,,,,,,,,,,,,,,,,,,,,,,,,,,,,,,,,,,,,,,,,,,,,,,,,,,,,,,,,,,,,,,,,,,,,,,,,,,,,,,,,,,,,,,,,,,,,,,,,,,,,,,,,,,,,,,,,,,,,,,,,,,,,,,,,,,,,,,,,,,,,,,,,,,,,,,,,,,,,,,,,,,,,,,,,,,,,,,,,,,,,,,,,,,,,,,,,,,,,,,,,,,,,,,,,,,,,,,,,,,,,,,,,,,,,,,,,,,,,,,,,,,,,,,,
,Saddleback,2021,"2,147 ","3,997 ","1,850 ",600,225,Independent,Public w/Aerial Lifts,,,,,,,,1,3,,,,1,,,1,6,2,2,,"$1,129",U.S. - East,,,,,,,,,,,,,,,,,,,,,,,,,,,,,,,,,,,,,,,,,,,,,,,,,,,,,,,,,,,,,,,,,,,,,,,,,,,,,,,,,,,,,,,,,,,,,,,,,,,,,,,,,,,,,,,,,,,,,,,,,,,,,,,,,,,,,,,,,,,,,,,,,,,,,,,,,,,,,,,,,,,,,,,,,,,,,,,,,,,,,,,,,,,,,,,,,,,,,,,,,,,,,,,,,,,,,,,,,,,,,,,,,,,,,,,,,,,,,,,,,,,,,,,,,,,,,,,,,,,,,,,,,,,,,,,,,,,,,,,,,,,,,,,,,,,,,,,,,,,,,,,,,,,,,,,,,,,,,,,,,,,,,,,,,,,,,,,,,,,,,,,,,,,,,,,
U.S. - Maryland,Wisp,2024,"2,415 ","3,115 ",700 ,132,100,Pacific Group Resorts,Public w/Aerial Lifts,,,,,,,,,2,5,,,,,1,5,13,2,2,,$449,U.S. - East,,,,,,,,,,,,,,,,,,,,,,,,,,,,,,,,,,,,,,,,,,,,,,,,,,,,,,,,,,,,,,,,,,,,,,,,,,,,,,,,,,,,,,,,,,,,,,,,,,,,,,,,,,,,,,,,,,,,,,,,,,,,,,,,,,,,,,,,,,,,,,,,,,,,,,,,,,,,,,,,,,,,,,,,,,,,,,,,,,,,,,,,,,,,,,,,,,,,,,,,,,,,,,,,,,,,,,,,,,,,,,,,,,,,,,,,,,,,,,,,,,,,,,,,,,,,,,,,,,,,,,,,,,,,,,,,,,,,,,,,,,,,,,,,,,,,,,,,,,,,,,,,,,,,,,,,,,,,,,,,,,,,,,,,,,,,,,,,,,,,,,,,,,,,,,,
U.S. - Massachusetts,Berkshire East,2019,660 ,"1,840 ","1,180 ",180,110,Bear Den Partners,Public w/Aerial Lifts,,,,,,,,1,2,,1,,,,,2,6,2,2,1-3B,$599,U.S. - East,,,,,,,,,,,,,,,,,,,,,,,,,,,,,,,,,,,,,,,,,,,,,,,,,,,,,,,,,,,,,,,,,,,,,,,,,,,,,,,,,,,,,,,,,,,,,,,,,,,,,,,,,,,,,,,,,,,,,,,,,,,,,,,,,,,,,,,,,,,,,,,,,,,,,,,,,,,,,,,,,,,,,,,,,,,,,,,,,,,,,,,,,,,,,,,,,,,,,,,,,,,,,,,,,,,,,,,,,,,,,,,,,,,,,,,,,,,,,,,,,,,,,,,,,,,,,,,,,,,,,,,,,,,,,,,,,,,,,,,,,,,,,,,,,,,,,,,,,,,,,,,,,,,,,,,,,,,,,,,,,,,,,,,,,,,,,,,,,,,,,,,,,,,,,,,
,Bousquet,2024,"1,068 ","1,818 ",750 ,200,83,Independent,Public w/Aerial Lifts,,,,,,,,,,1,1,,,,,1,3,2,2,1-3B,$549,U.S. - East,,,,,,,,,,,,,,,,,,,,,,,,,,,,,,,,,,,,,,,,,,,,,,,,,,,,,,,,,,,,,,,,,,,,,,,,,,,,,,,,,,,,,,,,,,,,,,,,,,,,,,,,,,,,,,,,,,,,,,,,,,,,,,,,,,,,,,,,,,,,,,,,,,,,,,,,,,,,,,,,,,,,,,,,,,,,,,,,,,,,,,,,,,,,,,,,,,,,,,,,,,,,,,,,,,,,,,,,,,,,,,,,,,,,,,,,,,,,,,,,,,,,,,,,,,,,,,,,,,,,,,,,,,,,,,,,,,,,,,,,,,,,,,,,,,,,,,,,,,,,,,,,,,,,,,,,,,,,,,,,,,,,,,,,,,,,,,,,,,,,,,,,,,,,,,,
,Catamount,2019,"1,000 ","2,000 ","1,000 ",133,108,Bear Den Partners,Public w/Aerial Lifts,,,,,,,,,2,3,,,,,,3,8,2,2,,$599,U.S. - East,,,,,,,,,,,,,,,,,,,,,,,,,,,,,,,,,,,,,,,,,,,,,,,,,,,,,,,,,,,,,,,,,,,,,,,,,,,,,,,,,,,,,,,,,,,,,,,,,,,,,,,,,,,,,,,,,,,,,,,,,,,,,,,,,,,,,,,,,,,,,,,,,,,,,,,,,,,,,,,,,,,,,,,,,,,,,,,,,,,,,,,,,,,,,,,,,,,,,,,,,,,,,,,,,,,,,,,,,,,,,,,,,,,,,,,,,,,,,,,,,,,,,,,,,,,,,,,,,,,,,,,,,,,,,,,,,,,,,,,,,,,,,,,,,,,,,,,,,,,,,,,,,,,,,,,,,,,,,,,,,,,,,,,,,,,,,,,,,,,,,,,,,,,,,,,
U.S. - Michigan,Big Powderhorn (UP),2019,"1,240 ","1,862 ",622 ,253,204,Independent,Public w/Aerial Lifts,,,,,,,,,,,9,,,,1,,10,2,2,,$549,U.S. - Midwest,,,,,,,,,,,,,,,,,,,,,,,,,,,,,,,,,,,,,,,,,,,,,,,,,,,,,,,,,,,,,,,,,,,,,,,,,,,,,,,,,,,,,,,,,,,,,,,,,,,,,,,,,,,,,,,,,,,,,,,,,,,,,,,,,,,,,,,,,,,,,,,,,,,,,,,,,,,,,,,,,,,,,,,,,,,,,,,,,,,,,,,,,,,,,,,,,,,,,,,,,,,,,,,,,,,,,,,,,,,,,,,,,,,,,,,,,,,,,,,,,,,,,,,,,,,,,,,,,,,,,,,,,,,,,,,,,,,,,,,,,,,,,,,,,,,,,,,,,,,,,,,,,,,,,,,,,,,,,,,,,,,,,,,,,,,,,,,,,,,,,,,,,,,,,,,
,Caberfae Peaks,2019,"1,076 ","1,561 ",485 ,200,120,Independent,Public w/Aerial Lifts,,,,,,,,,1,3,,,,,,1,5,2B,2,,$289,U.S. - Midwest,,,,,,,,,,,,,,,,,,,,,,,,,,,,,,,,,,,,,,,,,,,,,,,,,,,,,,,,,,,,,,,,,,,,,,,,,,,,,,,,,,,,,,,,,,,,,,,,,,,,,,,,,,,,,,,,,,,,,,,,,,,,,,,,,,,,,,,,,,,,,,,,,,,,,,,,,,,,,,,,,,,,,,,,,,,,,,,,,,,,,,,,,,,,,,,,,,,,,,,,,,,,,,,,,,,,,,,,,,,,,,,,,,,,,,,,,,,,,,,,,,,,,,,,,,,,,,,,,,,,,,,,,,,,,,,,,,,,,,,,,,,,,,,,,,,,,,,,,,,,,,,,,,,,,,,,,,,,,,,,,,,,,,,,,,,,,,,,,,,,,,,,,,,,,,,
,Crystal Mountain MI,2020,757 ,"1,132 ",375 ,103,132,Independent,Public w/Aerial Lifts,,,,,,,,1,3,2,,,,,,2,8,2B,2,1-3B,$479,U.S. - Midwest,,,,,,,,,,,,,,,,,,,,,,,,,,,,,,,,,,,,,,,,,,,,,,,,,,,,,,,,,,,,,,,,,,,,,,,,,,,,,,,,,,,,,,,,,,,,,,,,,,,,,,,,,,,,,,,,,,,,,,,,,,,,,,,,,,,,,,,,,,,,,,,,,,,,,,,,,,,,,,,,,,,,,,,,,,,,,,,,,,,,,,,,,,,,,,,,,,,,,,,,,,,,,,,,,,,,,,,,,,,,,,,,,,,,,,,,,,,,,,,,,,,,,,,,,,,,,,,,,,,,,,,,,,,,,,,,,,,,,,,,,,,,,,,,,,,,,,,,,,,,,,,,,,,,,,,,,,,,,,,,,,,,,,,,,,,,,,,,,,,,,,,,,,,,,,,
,Marquette Mountain (UP),2022,735 ,"1,275 ",540 ,330,210,Independent,Public w/Aerial Lifts,,,,,,,,,,2,1,,,,1,,4,2,2,1-3B,,U.S. - Midwest,,,,,,,,,,,,,,,,,,,,,,,,,,,,,,,,,,,,,,,,,,,,,,,,,,,,,,,,,,,,,,,,,,,,,,,,,,,,,,,,,,,,,,,,,,,,,,,,,,,,,,,,,,,,,,,,,,,,,,,,,,,,,,,,,,,,,,,,,,,,,,,,,,,,,,,,,,,,,,,,,,,,,,,,,,,,,,,,,,,,,,,,,,,,,,,,,,,,,,,,,,,,,,,,,,,,,,,,,,,,,,,,,,,,,,,,,,,,,,,,,,,,,,,,,,,,,,,,,,,,,,,,,,,,,,,,,,,,,,,,,,,,,,,,,,,,,,,,,,,,,,,,,,,,,,,,,,,,,,,,,,,,,,,,,,,,,,,,,,,,,,,,,,,,,,,
,Mont Ripley (UP),,650 ,"1,120 ",470 ,115,275,Independent,Public w/Aerial Lifts,,,,,,,,,,,2,1,,,1,,4,Discount,Discount,,,U.S. - Midwest,,,,,,,,,,,,,,,,,,,,,,,,,,,,,,,,,,,,,,,,,,,,,,,,,,,,,,,,,,,,,,,,,,,,,,,,,,,,,,,,,,,,,,,,,,,,,,,,,,,,,,,,,,,,,,,,,,,,,,,,,,,,,,,,,,,,,,,,,,,,,,,,,,,,,,,,,,,,,,,,,,,,,,,,,,,,,,,,,,,,,,,,,,,,,,,,,,,,,,,,,,,,,,,,,,,,,,,,,,,,,,,,,,,,,,,,,,,,,,,,,,,,,,,,,,,,,,,,,,,,,,,,,,,,,,,,,,,,,,,,,,,,,,,,,,,,,,,,,,,,,,,,,,,,,,,,,,,,,,,,,,,,,,,,,,,,,,,,,,,,,,,,,,,,,,,
,Mount Holiday,2024,240 ,440 ,200 ,45,120,Independent,Public w/Aerial Lifts,,,,,,,,,,,2,,,,,,2,2,2,1-3B,,U.S. - Midwest,,,,,,,,,,,,,,,,,,,,,,,,,,,,,,,,,,,,,,,,,,,,,,,,,,,,,,,,,,,,,,,,,,,,,,,,,,,,,,,,,,,,,,,,,,,,,,,,,,,,,,,,,,,,,,,,,,,,,,,,,,,,,,,,,,,,,,,,,,,,,,,,,,,,,,,,,,,,,,,,,,,,,,,,,,,,,,,,,,,,,,,,,,,,,,,,,,,,,,,,,,,,,,,,,,,,,,,,,,,,,,,,,,,,,,,,,,,,,,,,,,,,,,,,,,,,,,,,,,,,,,,,,,,,,,,,,,,,,,,,,,,,,,,,,,,,,,,,,,,,,,,,,,,,,,,,,,,,,,,,,,,,,,,,,,,,,,,,,,,,,,,,,,,,,,,
,Norway Mountain (UP),2024,835 ,"1,335 ",500 ,160,33,Independent,Public w/Aerial Lifts,,,,,,,,,,1,2,,,,3,,6,2,2,,,U.S. - Midwest,,,,,,,,,,,,,,,,,,,,,,,,,,,,,,,,,,,,,,,,,,,,,,,,,,,,,,,,,,,,,,,,,,,,,,,,,,,,,,,,,,,,,,,,,,,,,,,,,,,,,,,,,,,,,,,,,,,,,,,,,,,,,,,,,,,,,,,,,,,,,,,,,,,,,,,,,,,,,,,,,,,,,,,,,,,,,,,,,,,,,,,,,,,,,,,,,,,,,,,,,,,,,,,,,,,,,,,,,,,,,,,,,,,,,,,,,,,,,,,,,,,,,,,,,,,,,,,,,,,,,,,,,,,,,,,,,,,,,,,,,,,,,,,,,,,,,,,,,,,,,,,,,,,,,,,,,,,,,,,,,,,,,,,,,,,,,,,,,,,,,,,,,,,,,,,
,Nub’s Nob,2022,925 ,"1,350 ",425 ,248,125,Independent,Public w/Aerial Lifts,,,,,,,,,4,3,1,,,,1,1,10,2B,2,1-3B,$663,U.S. - Midwest,,,,,,,,,,,,,,,,,,,,,,,,,,,,,,,,,,,,,,,,,,,,,,,,,,,,,,,,,,,,,,,,,,,,,,,,,,,,,,,,,,,,,,,,,,,,,,,,,,,,,,,,,,,,,,,,,,,,,,,,,,,,,,,,,,,,,,,,,,,,,,,,,,,,,,,,,,,,,,,,,,,,,,,,,,,,,,,,,,,,,,,,,,,,,,,,,,,,,,,,,,,,,,,,,,,,,,,,,,,,,,,,,,,,,,,,,,,,,,,,,,,,,,,,,,,,,,,,,,,,,,,,,,,,,,,,,,,,,,,,,,,,,,,,,,,,,,,,,,,,,,,,,,,,,,,,,,,,,,,,,,,,,,,,,,,,,,,,,,,,,,,,,,,,,,,
,Pine Mountain (UP),2019,"1,148 ","1,512 ",364 ,220,30,Independent,Public w/Aerial Lifts,,,,,,,,,,1,2,,,,3,,6,2,2,,$299,U.S. - Midwest,,,,,,,,,,,,,,,,,,,,,,,,,,,,,,,,,,,,,,,,,,,,,,,,,,,,,,,,,,,,,,,,,,,,,,,,,,,,,,,,,,,,,,,,,,,,,,,,,,,,,,,,,,,,,,,,,,,,,,,,,,,,,,,,,,,,,,,,,,,,,,,,,,,,,,,,,,,,,,,,,,,,,,,,,,,,,,,,,,,,,,,,,,,,,,,,,,,,,,,,,,,,,,,,,,,,,,,,,,,,,,,,,,,,,,,,,,,,,,,,,,,,,,,,,,,,,,,,,,,,,,,,,,,,,,,,,,,,,,,,,,,,,,,,,,,,,,,,,,,,,,,,,,,,,,,,,,,,,,,,,,,,,,,,,,,,,,,,,,,,,,,,,,,,,,,
,Shanty Creek - Schuss,2019,625 ,"1,125 ",500 ,81,160,Independent,Public w/Aerial Lifts,,,,,,,,,5,,2,,,,1,1,9,2B,2,,$429,U.S. - Midwest,,,,,,,,,,,,,,,,,,,,,,,,,,,,,,,,,,,,,,,,,,,,,,,,,,,,,,,,,,,,,,,,,,,,,,,,,,,,,,,,,,,,,,,,,,,,,,,,,,,,,,,,,,,,,,,,,,,,,,,,,,,,,,,,,,,,,,,,,,,,,,,,,,,,,,,,,,,,,,,,,,,,,,,,,,,,,,,,,,,,,,,,,,,,,,,,,,,,,,,,,,,,,,,,,,,,,,,,,,,,,,,,,,,,,,,,,,,,,,,,,,,,,,,,,,,,,,,,,,,,,,,,,,,,,,,,,,,,,,,,,,,,,,,,,,,,,,,,,,,,,,,,,,,,,,,,,,,,,,,,,,,,,,,,,,,,,,,,,,,,,,,,,,,,,,,
,Treetops,2022,"1,110 ","1,333 ",223 ,80,140,Independent,Public w/Aerial Lifts,,,,,,,,,,3,,,,,,2,5,2B,2,,$199,U.S. - Midwest,,,,,,,,,,,,,,,,,,,,,,,,,,,,,,,,,,,,,,,,,,,,,,,,,,,,,,,,,,,,,,,,,,,,,,,,,,,,,,,,,,,,,,,,,,,,,,,,,,,,,,,,,,,,,,,,,,,,,,,,,,,,,,,,,,,,,,,,,,,,,,,,,,,,,,,,,,,,,,,,,,,,,,,,,,,,,,,,,,,,,,,,,,,,,,,,,,,,,,,,,,,,,,,,,,,,,,,,,,,,,,,,,,,,,,,,,,,,,,,,,,,,,,,,,,,,,,,,,,,,,,,,,,,,,,,,,,,,,,,,,,,,,,,,,,,,,,,,,,,,,,,,,,,,,,,,,,,,,,,,,,,,,,,,,,,,,,,,,,,,,,,,,,,,,,,
U.S. - Minnesota,Andes Tower Hills,2023,"1,330 ","1,620 ",290 ,70,50,Independent,Public w/Aerial Lifts,,,,,,,,,1,2,,,,,1,2,6,2,2,,$359,U.S. - Midwest,,,,,,,,,,,,,,,,,,,,,,,,,,,,,,,,,,,,,,,,,,,,,,,,,,,,,,,,,,,,,,,,,,,,,,,,,,,,,,,,,,,,,,,,,,,,,,,,,,,,,,,,,,,,,,,,,,,,,,,,,,,,,,,,,,,,,,,,,,,,,,,,,,,,,,,,,,,,,,,,,,,,,,,,,,,,,,,,,,,,,,,,,,,,,,,,,,,,,,,,,,,,,,,,,,,,,,,,,,,,,,,,,,,,,,,,,,,,,,,,,,,,,,,,,,,,,,,,,,,,,,,,,,,,,,,,,,,,,,,,,,,,,,,,,,,,,,,,,,,,,,,,,,,,,,,,,,,,,,,,,,,,,,,,,,,,,,,,,,,,,,,,,,,,,,,
,Coffee Mill,2026,755 ,"1,181 ",426 ,40,48,Independent,Public w/Aerial Lifts,,,,,,,,,,,2,,,,1,,3,2,2,,,U.S. - Midwest,,,,,,,,,,,,,,,,,,,,,,,,,,,,,,,,,,,,,,,,,,,,,,,,,,,,,,,,,,,,,,,,,,,,,,,,,,,,,,,,,,,,,,,,,,,,,,,,,,,,,,,,,,,,,,,,,,,,,,,,,,,,,,,,,,,,,,,,,,,,,,,,,,,,,,,,,,,,,,,,,,,,,,,,,,,,,,,,,,,,,,,,,,,,,,,,,,,,,,,,,,,,,,,,,,,,,,,,,,,,,,,,,,,,,,,,,,,,,,,,,,,,,,,,,,,,,,,,,,,,,,,,,,,,,,,,,,,,,,,,,,,,,,,,,,,,,,,,,,,,,,,,,,,,,,,,,,,,,,,,,,,,,,,,,,,,,,,,,,,,,,,,,,,,,,,
,Detroit Mountain,2019,"1,335 ","1,545 ",210 ,45,21,Independent,Public w/Aerial Lifts,,,,,,,,,,2,,,,,2,2,6,2,2,,,U.S. - Midwest,,,,,,,,,,,,,,,,,,,,,,,,,,,,,,,,,,,,,,,,,,,,,,,,,,,,,,,,,,,,,,,,,,,,,,,,,,,,,,,,,,,,,,,,,,,,,,,,,,,,,,,,,,,,,,,,,,,,,,,,,,,,,,,,,,,,,,,,,,,,,,,,,,,,,,,,,,,,,,,,,,,,,,,,,,,,,,,,,,,,,,,,,,,,,,,,,,,,,,,,,,,,,,,,,,,,,,,,,,,,,,,,,,,,,,,,,,,,,,,,,,,,,,,,,,,,,,,,,,,,,,,,,,,,,,,,,,,,,,,,,,,,,,,,,,,,,,,,,,,,,,,,,,,,,,,,,,,,,,,,,,,,,,,,,,,,,,,,,,,,,,,,,,,,,,,
,Hyland Hills,2025,900 ,"1,075 ",175 ,35,60,Three Rivers Park District,Public w/Aerial Lifts,,,,,,,,,3,,,,,,4,2,9,2B,2,,,U.S. - Midwest,,,,,,,,,,,,,,,,,,,,,,,,,,,,,,,,,,,,,,,,,,,,,,,,,,,,,,,,,,,,,,,,,,,,,,,,,,,,,,,,,,,,,,,,,,,,,,,,,,,,,,,,,,,,,,,,,,,,,,,,,,,,,,,,,,,,,,,,,,,,,,,,,,,,,,,,,,,,,,,,,,,,,,,,,,,,,,,,,,,,,,,,,,,,,,,,,,,,,,,,,,,,,,,,,,,,,,,,,,,,,,,,,,,,,,,,,,,,,,,,,,,,,,,,,,,,,,,,,,,,,,,,,,,,,,,,,,,,,,,,,,,,,,,,,,,,,,,,,,,,,,,,,,,,,,,,,,,,,,,,,,,,,,,,,,,,,,,,,,,,,,,,,,,,,,,
,Mount Kato,2022,790 ,"1,030 ",240 ,55,50,Independent,Public w/Aerial Lifts,,,,,,,,,5,,3,,,,,1,9,2,2,1-3,$385,U.S. - Midwest,,,,,,,,,,,,,,,,,,,,,,,,,,,,,,,,,,,,,,,,,,,,,,,,,,,,,,,,,,,,,,,,,,,,,,,,,,,,,,,,,,,,,,,,,,,,,,,,,,,,,,,,,,,,,,,,,,,,,,,,,,,,,,,,,,,,,,,,,,,,,,,,,,,,,,,,,,,,,,,,,,,,,,,,,,,,,,,,,,,,,,,,,,,,,,,,,,,,,,,,,,,,,,,,,,,,,,,,,,,,,,,,,,,,,,,,,,,,,,,,,,,,,,,,,,,,,,,,,,,,,,,,,,,,,,,,,,,,,,,,,,,,,,,,,,,,,,,,,,,,,,,,,,,,,,,,,,,,,,,,,,,,,,,,,,,,,,,,,,,,,,,,,,,,,,,
,Powder Ridge,2019,500 ,790 ,290 ,60,60,Independent,Public w/Aerial Lifts,,,,,,,,,2,,1,,1,,3,,7,2,2,,$389.90,U.S. - Midwest,,,,,,,,,,,,,,,,,,,,,,,,,,,,,,,,,,,,,,,,,,,,,,,,,,,,,,,,,,,,,,,,,,,,,,,,,,,,,,,,,,,,,,,,,,,,,,,,,,,,,,,,,,,,,,,,,,,,,,,,,,,,,,,,,,,,,,,,,,,,,,,,,,,,,,,,,,,,,,,,,,,,,,,,,,,,,,,,,,,,,,,,,,,,,,,,,,,,,,,,,,,,,,,,,,,,,,,,,,,,,,,,,,,,,,,,,,,,,,,,,,,,,,,,,,,,,,,,,,,,,,,,,,,,,,,,,,,,,,,,,,,,,,,,,,,,,,,,,,,,,,,,,,,,,,,,,,,,,,,,,,,,,,,,,,,,,,,,,,,,,,,,,,,,,,,
,Spirit Mountain,2019,690 ,"1,282 ",592 ,175,90,City of Duluth,Public w/Aerial Lifts,,,,,,,,1,2,,,,,,1,2,6,2,2,,$383,U.S. - Midwest,,,,,,,,,,,,,,,,,,,,,,,,,,,,,,,,,,,,,,,,,,,,,,,,,,,,,,,,,,,,,,,,,,,,,,,,,,,,,,,,,,,,,,,,,,,,,,,,,,,,,,,,,,,,,,,,,,,,,,,,,,,,,,,,,,,,,,,,,,,,,,,,,,,,,,,,,,,,,,,,,,,,,,,,,,,,,,,,,,,,,,,,,,,,,,,,,,,,,,,,,,,,,,,,,,,,,,,,,,,,,,,,,,,,,,,,,,,,,,,,,,,,,,,,,,,,,,,,,,,,,,,,,,,,,,,,,,,,,,,,,,,,,,,,,,,,,,,,,,,,,,,,,,,,,,,,,,,,,,,,,,,,,,,,,,,,,,,,,,,,,,,,,,,,,,,
U.S. - Montana,Blacktail,2022,"5,236 ","6,676 ","1,440 ","1,000",250,Larry Scrivanich,Public w/Aerial Lifts,,,,,,,,,,1,2,,,,,1,4,2,2,1-3,$489,U.S. - West,,,,,,,,,,,,,,,,,,,,,,,,,,,,,,,,,,,,,,,,,,,,,,,,,,,,,,,,,,,,,,,,,,,,,,,,,,,,,,,,,,,,,,,,,,,,,,,,,,,,,,,,,,,,,,,,,,,,,,,,,,,,,,,,,,,,,,,,,,,,,,,,,,,,,,,,,,,,,,,,,,,,,,,,,,,,,,,,,,,,,,,,,,,,,,,,,,,,,,,,,,,,,,,,,,,,,,,,,,,,,,,,,,,,,,,,,,,,,,,,,,,,,,,,,,,,,,,,,,,,,,,,,,,,,,,,,,,,,,,,,,,,,,,,,,,,,,,,,,,,,,,,,,,,,,,,,,,,,,,,,,,,,,,,,,,,,,,,,,,,,,,,,,,,,,,
,Lost Trail ,2019,"6,400 ","8,200 ","1,800 ","1,800",325,Independent,Public w/Aerial Lifts,,,,,,,,,,,5,,,,3,,8,2,2,,,U.S. - West,,,,,,,,,,,,,,,,,,,,,,,,,,,,,,,,,,,,,,,,,,,,,,,,,,,,,,,,,,,,,,,,,,,,,,,,,,,,,,,,,,,,,,,,,,,,,,,,,,,,,,,,,,,,,,,,,,,,,,,,,,,,,,,,,,,,,,,,,,,,,,,,,,,,,,,,,,,,,,,,,,,,,,,,,,,,,,,,,,,,,,,,,,,,,,,,,,,,,,,,,,,,,,,,,,,,,,,,,,,,,,,,,,,,,,,,,,,,,,,,,,,,,,,,,,,,,,,,,,,,,,,,,,,,,,,,,,,,,,,,,,,,,,,,,,,,,,,,,,,,,,,,,,,,,,,,,,,,,,,,,,,,,,,,,,,,,,,,,,,,,,,,,,,,,,,
,Montana Snowbowl,2023,"4,980 ","7,580 ","2,600 ","2,000",250,Independent,Public w/Aerial Lifts,,,,,,,,,,1,3,1,,,1,,6,2B,2,,,U.S. - West,,,,,,,,,,,,,,,,,,,,,,,,,,,,,,,,,,,,,,,,,,,,,,,,,,,,,,,,,,,,,,,,,,,,,,,,,,,,,,,,,,,,,,,,,,,,,,,,,,,,,,,,,,,,,,,,,,,,,,,,,,,,,,,,,,,,,,,,,,,,,,,,,,,,,,,,,,,,,,,,,,,,,,,,,,,,,,,,,,,,,,,,,,,,,,,,,,,,,,,,,,,,,,,,,,,,,,,,,,,,,,,,,,,,,,,,,,,,,,,,,,,,,,,,,,,,,,,,,,,,,,,,,,,,,,,,,,,,,,,,,,,,,,,,,,,,,,,,,,,,,,,,,,,,,,,,,,,,,,,,,,,,,,,,,,,,,,,,,,,,,,,,,,,,,,,
,Red Lodge,2019,"7,016 ","9,416 ","2,400 ","1,635",250,JMA Ventures,Public w/Aerial Lifts,,,,,,,,2,,1,2,,,,,2,8,2B,2,,,U.S. - West,,,,,,,,,,,,,,,,,,,,,,,,,,,,,,,,,,,,,,,,,,,,,,,,,,,,,,,,,,,,,,,,,,,,,,,,,,,,,,,,,,,,,,,,,,,,,,,,,,,,,,,,,,,,,,,,,,,,,,,,,,,,,,,,,,,,,,,,,,,,,,,,,,,,,,,,,,,,,,,,,,,,,,,,,,,,,,,,,,,,,,,,,,,,,,,,,,,,,,,,,,,,,,,,,,,,,,,,,,,,,,,,,,,,,,,,,,,,,,,,,,,,,,,,,,,,,,,,,,,,,,,,,,,,,,,,,,,,,,,,,,,,,,,,,,,,,,,,,,,,,,,,,,,,,,,,,,,,,,,,,,,,,,,,,,,,,,,,,,,,,,,,,,,,,,,
U.S. - New Hampshire,Black Mountain,2019,"1,250 ","2,350 ","1,100 ",140,125,Independent,Public w/Aerial Lifts,,,,,,,,,,1,1,,1,1,1,,5,2,2,1-3B,$699,U.S. - East,,,,,,,,,,,,,,,,,,,,,,,,,,,,,,,,,,,,,,,,,,,,,,,,,,,,,,,,,,,,,,,,,,,,,,,,,,,,,,,,,,,,,,,,,,,,,,,,,,,,,,,,,,,,,,,,,,,,,,,,,,,,,,,,,,,,,,,,,,,,,,,,,,,,,,,,,,,,,,,,,,,,,,,,,,,,,,,,,,,,,,,,,,,,,,,,,,,,,,,,,,,,,,,,,,,,,,,,,,,,,,,,,,,,,,,,,,,,,,,,,,,,,,,,,,,,,,,,,,,,,,,,,,,,,,,,,,,,,,,,,,,,,,,,,,,,,,,,,,,,,,,,,,,,,,,,,,,,,,,,,,,,,,,,,,,,,,,,,,,,,,,,,,,,,,,
,Cannon,2020,"1,900 ","4,080 ","2,180 ",287,160,Independent,Public w/Aerial Lifts,,,,,,,,1,2,3,1,1,,,1,,9,2,2,,$799,U.S. - East,,,,,,,,,,,,,,,,,,,,,,,,,,,,,,,,,,,,,,,,,,,,,,,,,,,,,,,,,,,,,,,,,,,,,,,,,,,,,,,,,,,,,,,,,,,,,,,,,,,,,,,,,,,,,,,,,,,,,,,,,,,,,,,,,,,,,,,,,,,,,,,,,,,,,,,,,,,,,,,,,,,,,,,,,,,,,,,,,,,,,,,,,,,,,,,,,,,,,,,,,,,,,,,,,,,,,,,,,,,,,,,,,,,,,,,,,,,,,,,,,,,,,,,,,,,,,,,,,,,,,,,,,,,,,,,,,,,,,,,,,,,,,,,,,,,,,,,,,,,,,,,,,,,,,,,,,,,,,,,,,,,,,,,,,,,,,,,,,,,,,,,,,,,,,,,
,Dartmouth Skiway,2023,975 ,"1,943 ",968 ,104,100,Independent,Public w/Aerial Lifts,,,,,,,,,1,,1,,,,,2,4,2,2,1-3,,U.S. - East,,,,,,,,,,,,,,,,,,,,,,,,,,,,,,,,,,,,,,,,,,,,,,,,,,,,,,,,,,,,,,,,,,,,,,,,,,,,,,,,,,,,,,,,,,,,,,,,,,,,,,,,,,,,,,,,,,,,,,,,,,,,,,,,,,,,,,,,,,,,,,,,,,,,,,,,,,,,,,,,,,,,,,,,,,,,,,,,,,,,,,,,,,,,,,,,,,,,,,,,,,,,,,,,,,,,,,,,,,,,,,,,,,,,,,,,,,,,,,,,,,,,,,,,,,,,,,,,,,,,,,,,,,,,,,,,,,,,,,,,,,,,,,,,,,,,,,,,,,,,,,,,,,,,,,,,,,,,,,,,,,,,,,,,,,,,,,,,,,,,,,,,,,,,,,,
,King Pine,,500 ,850 ,350 ,45,82,Independent,Public w/Aerial Lifts,,,,,,,,,,3,,,,,,2,5,Discount,Discount,,$595,U.S. - East,,,,,,,,,,,,,,,,,,,,,,,,,,,,,,,,,,,,,,,,,,,,,,,,,,,,,,,,,,,,,,,,,,,,,,,,,,,,,,,,,,,,,,,,,,,,,,,,,,,,,,,,,,,,,,,,,,,,,,,,,,,,,,,,,,,,,,,,,,,,,,,,,,,,,,,,,,,,,,,,,,,,,,,,,,,,,,,,,,,,,,,,,,,,,,,,,,,,,,,,,,,,,,,,,,,,,,,,,,,,,,,,,,,,,,,,,,,,,,,,,,,,,,,,,,,,,,,,,,,,,,,,,,,,,,,,,,,,,,,,,,,,,,,,,,,,,,,,,,,,,,,,,,,,,,,,,,,,,,,,,,,,,,,,,,,,,,,,,,,,,,,,,,,,,,,
,McIntyre,2025,340 ,510 ,170 ,26,50,Independent,Public w/Aerial Lifts,,,,,,,,,,,2,,,,,2,4,2,2,,$489,U.S. - East,,,,,,,,,,,,,,,,,,,,,,,,,,,,,,,,,,,,,,,,,,,,,,,,,,,,,,,,,,,,,,,,,,,,,,,,,,,,,,,,,,,,,,,,,,,,,,,,,,,,,,,,,,,,,,,,,,,,,,,,,,,,,,,,,,,,,,,,,,,,,,,,,,,,,,,,,,,,,,,,,,,,,,,,,,,,,,,,,,,,,,,,,,,,,,,,,,,,,,,,,,,,,,,,,,,,,,,,,,,,,,,,,,,,,,,,,,,,,,,,,,,,,,,,,,,,,,,,,,,,,,,,,,,,,,,,,,,,,,,,,,,,,,,,,,,,,,,,,,,,,,,,,,,,,,,,,,,,,,,,,,,,,,,,,,,,,,,,,,,,,,,,,,,,,,,
,Pats Peak,2019,690 ,"1,460 ",770 ,115,100,Independent,Public w/Aerial Lifts,,,,,,,,,1,3,2,,1,,2,2,11,2B,2,1-3B,$599,U.S. - East,,,,,,,,,,,,,,,,,,,,,,,,,,,,,,,,,,,,,,,,,,,,,,,,,,,,,,,,,,,,,,,,,,,,,,,,,,,,,,,,,,,,,,,,,,,,,,,,,,,,,,,,,,,,,,,,,,,,,,,,,,,,,,,,,,,,,,,,,,,,,,,,,,,,,,,,,,,,,,,,,,,,,,,,,,,,,,,,,,,,,,,,,,,,,,,,,,,,,,,,,,,,,,,,,,,,,,,,,,,,,,,,,,,,,,,,,,,,,,,,,,,,,,,,,,,,,,,,,,,,,,,,,,,,,,,,,,,,,,,,,,,,,,,,,,,,,,,,,,,,,,,,,,,,,,,,,,,,,,,,,,,,,,,,,,,,,,,,,,,,,,,,,,,,,,,
,Ragged,2024,"1,036 ","2,286 ","1,250 ",250,100,Independent,Public w/Aerial Lifts,,,,,,1,,1,,1,,,,,,,3,2B,2,,$449,U.S. - East,,,,,,,,,,,,,,,,,,,,,,,,,,,,,,,,,,,,,,,,,,,,,,,,,,,,,,,,,,,,,,,,,,,,,,,,,,,,,,,,,,,,,,,,,,,,,,,,,,,,,,,,,,,,,,,,,,,,,,,,,,,,,,,,,,,,,,,,,,,,,,,,,,,,,,,,,,,,,,,,,,,,,,,,,,,,,,,,,,,,,,,,,,,,,,,,,,,,,,,,,,,,,,,,,,,,,,,,,,,,,,,,,,,,,,,,,,,,,,,,,,,,,,,,,,,,,,,,,,,,,,,,,,,,,,,,,,,,,,,,,,,,,,,,,,,,,,,,,,,,,,,,,,,,,,,,,,,,,,,,,,,,,,,,,,,,,,,,,,,,,,,,,,,,,,,
,Tenney,2025,749 ,"2,149 ","1,400 ",130,140,Independent,Public w/Aerial Lifts,,,,,,,,,,1,1,,,1,,2,5,2B,2,1-3B,$459,U.S. - East,,,,,,,,,,,,,,,,,,,,,,,,,,,,,,,,,,,,,,,,,,,,,,,,,,,,,,,,,,,,,,,,,,,,,,,,,,,,,,,,,,,,,,,,,,,,,,,,,,,,,,,,,,,,,,,,,,,,,,,,,,,,,,,,,,,,,,,,,,,,,,,,,,,,,,,,,,,,,,,,,,,,,,,,,,,,,,,,,,,,,,,,,,,,,,,,,,,,,,,,,,,,,,,,,,,,,,,,,,,,,,,,,,,,,,,,,,,,,,,,,,,,,,,,,,,,,,,,,,,,,,,,,,,,,,,,,,,,,,,,,,,,,,,,,,,,,,,,,,,,,,,,,,,,,,,,,,,,,,,,,,,,,,,,,,,,,,,,,,,,,,,,,,,,,,,
,Waterville Valley,2021,"1,984 ","4,004 ","2,020 ",265,148,Independent,Public w/Aerial Lifts,,,,,,1,,1,,2,2,2,,,,2,10,2,2,1-3B,"$1,194",U.S. - East,,,,,,,,,,,,,,,,,,,,,,,,,,,,,,,,,,,,,,,,,,,,,,,,,,,,,,,,,,,,,,,,,,,,,,,,,,,,,,,,,,,,,,,,,,,,,,,,,,,,,,,,,,,,,,,,,,,,,,,,,,,,,,,,,,,,,,,,,,,,,,,,,,,,,,,,,,,,,,,,,,,,,,,,,,,,,,,,,,,,,,,,,,,,,,,,,,,,,,,,,,,,,,,,,,,,,,,,,,,,,,,,,,,,,,,,,,,,,,,,,,,,,,,,,,,,,,,,,,,,,,,,,,,,,,,,,,,,,,,,,,,,,,,,,,,,,,,,,,,,,,,,,,,,,,,,,,,,,,,,,,,,,,,,,,,,,,,,,,,,,,,,,,,,,,,
,Whaleback Mountain,2023,"1,100 ","1,800 ",700 ,85,110,Independent,Public w/Aerial Lifts,,,,,,,,,,,1,1,,,1,1,4,2,2,,$250,U.S. - East,,,,,,,,,,,,,,,,,,,,,,,,,,,,,,,,,,,,,,,,,,,,,,,,,,,,,,,,,,,,,,,,,,,,,,,,,,,,,,,,,,,,,,,,,,,,,,,,,,,,,,,,,,,,,,,,,,,,,,,,,,,,,,,,,,,,,,,,,,,,,,,,,,,,,,,,,,,,,,,,,,,,,,,,,,,,,,,,,,,,,,,,,,,,,,,,,,,,,,,,,,,,,,,,,,,,,,,,,,,,,,,,,,,,,,,,,,,,,,,,,,,,,,,,,,,,,,,,,,,,,,,,,,,,,,,,,,,,,,,,,,,,,,,,,,,,,,,,,,,,,,,,,,,,,,,,,,,,,,,,,,,,,,,,,,,,,,,,,,,,,,,,,,,,,,,
U.S. - New York,Buffalo Ski Center,2025,"1,023 ","1,486 ",463 ,175,180,Independent,Public w/Aerial Lifts,,,,,,,,,,,2,2,,,1,1,6,2B,2,,,U.S. - East,,,,,,,,,,,,,,,,,,,,,,,,,,,,,,,,,,,,,,,,,,,,,,,,,,,,,,,,,,,,,,,,,,,,,,,,,,,,,,,,,,,,,,,,,,,,,,,,,,,,,,,,,,,,,,,,,,,,,,,,,,,,,,,,,,,,,,,,,,,,,,,,,,,,,,,,,,,,,,,,,,,,,,,,,,,,,,,,,,,,,,,,,,,,,,,,,,,,,,,,,,,,,,,,,,,,,,,,,,,,,,,,,,,,,,,,,,,,,,,,,,,,,,,,,,,,,,,,,,,,,,,,,,,,,,,,,,,,,,,,,,,,,,,,,,,,,,,,,,,,,,,,,,,,,,,,,,,,,,,,,,,,,,,,,,,,,,,,,,,,,,,,,,,,,,,
,Cazenovia Ski Club,2024,,,460 ,25,99,Independent,Private - Surface Lifts Only,,,,,,,,,,,,1,,,1,,2,2,2,,,U.S. - East,,,,,,,,,,,,,,,,,,,,,,,,,,,,,,,,,,,,,,,,,,,,,,,,,,,,,,,,,,,,,,,,,,,,,,,,,,,,,,,,,,,,,,,,,,,,,,,,,,,,,,,,,,,,,,,,,,,,,,,,,,,,,,,,,,,,,,,,,,,,,,,,,,,,,,,,,,,,,,,,,,,,,,,,,,,,,,,,,,,,,,,,,,,,,,,,,,,,,,,,,,,,,,,,,,,,,,,,,,,,,,,,,,,,,,,,,,,,,,,,,,,,,,,,,,,,,,,,,,,,,,,,,,,,,,,,,,,,,,,,,,,,,,,,,,,,,,,,,,,,,,,,,,,,,,,,,,,,,,,,,,,,,,,,,,,,,,,,,,,,,,,,,,,,,,,
,Dry Hill,2025,650 ,950 ,300 ,42,125,Independent,Public w/Aerial Lifts,,,,,,,,,,,1,1,,,,1,3,2,2,,,U.S. - East,,,,,,,,,,,,,,,,,,,,,,,,,,,,,,,,,,,,,,,,,,,,,,,,,,,,,,,,,,,,,,,,,,,,,,,,,,,,,,,,,,,,,,,,,,,,,,,,,,,,,,,,,,,,,,,,,,,,,,,,,,,,,,,,,,,,,,,,,,,,,,,,,,,,,,,,,,,,,,,,,,,,,,,,,,,,,,,,,,,,,,,,,,,,,,,,,,,,,,,,,,,,,,,,,,,,,,,,,,,,,,,,,,,,,,,,,,,,,,,,,,,,,,,,,,,,,,,,,,,,,,,,,,,,,,,,,,,,,,,,,,,,,,,,,,,,,,,,,,,,,,,,,,,,,,,,,,,,,,,,,,,,,,,,,,,,,,,,,,,,,,,,,,,,,,,
,Greek Peak,2019,"1,148 ","2,100 ",952 ,300,120,Independent,Public w/Aerial Lifts,,,,,,,,,1,2,3,,,,,2,8,2,2,1-3,$635,U.S. - East,,,,,,,,,,,,,,,,,,,,,,,,,,,,,,,,,,,,,,,,,,,,,,,,,,,,,,,,,,,,,,,,,,,,,,,,,,,,,,,,,,,,,,,,,,,,,,,,,,,,,,,,,,,,,,,,,,,,,,,,,,,,,,,,,,,,,,,,,,,,,,,,,,,,,,,,,,,,,,,,,,,,,,,,,,,,,,,,,,,,,,,,,,,,,,,,,,,,,,,,,,,,,,,,,,,,,,,,,,,,,,,,,,,,,,,,,,,,,,,,,,,,,,,,,,,,,,,,,,,,,,,,,,,,,,,,,,,,,,,,,,,,,,,,,,,,,,,,,,,,,,,,,,,,,,,,,,,,,,,,,,,,,,,,,,,,,,,,,,,,,,,,,,,,,,,
,Hunt Hollow,2024,"1,105 ","1,920 ",815 ,80,46,Independent,Private w/Aerial Lifts,,,,,,,,,,1,1,1,,,,1,4,2B,2,1-3,,U.S. - East,,,,,,,,,,,,,,,,,,,,,,,,,,,,,,,,,,,,,,,,,,,,,,,,,,,,,,,,,,,,,,,,,,,,,,,,,,,,,,,,,,,,,,,,,,,,,,,,,,,,,,,,,,,,,,,,,,,,,,,,,,,,,,,,,,,,,,,,,,,,,,,,,,,,,,,,,,,,,,,,,,,,,,,,,,,,,,,,,,,,,,,,,,,,,,,,,,,,,,,,,,,,,,,,,,,,,,,,,,,,,,,,,,,,,,,,,,,,,,,,,,,,,,,,,,,,,,,,,,,,,,,,,,,,,,,,,,,,,,,,,,,,,,,,,,,,,,,,,,,,,,,,,,,,,,,,,,,,,,,,,,,,,,,,,,,,,,,,,,,,,,,,,,,,,,,
,Maple Ski Ridge,2023,600 ,870 ,270 ,60,60,Independent,Public w/Aerial Lifts,,,,,,,,,,1,1,,,,2,,4,2,2,1-3,,U.S. - East,,,,,,,,,,,,,,,,,,,,,,,,,,,,,,,,,,,,,,,,,,,,,,,,,,,,,,,,,,,,,,,,,,,,,,,,,,,,,,,,,,,,,,,,,,,,,,,,,,,,,,,,,,,,,,,,,,,,,,,,,,,,,,,,,,,,,,,,,,,,,,,,,,,,,,,,,,,,,,,,,,,,,,,,,,,,,,,,,,,,,,,,,,,,,,,,,,,,,,,,,,,,,,,,,,,,,,,,,,,,,,,,,,,,,,,,,,,,,,,,,,,,,,,,,,,,,,,,,,,,,,,,,,,,,,,,,,,,,,,,,,,,,,,,,,,,,,,,,,,,,,,,,,,,,,,,,,,,,,,,,,,,,,,,,,,,,,,,,,,,,,,,,,,,,,,
,Peek’n Peak,2022,"1,400 ","1,800 ",400 ,130,200,Independent,Public w/Aerial Lifts,,,,,,,,,,6,2,,,,,3,11,2B,2,,,U.S. - East,,,,,,,,,,,,,,,,,,,,,,,,,,,,,,,,,,,,,,,,,,,,,,,,,,,,,,,,,,,,,,,,,,,,,,,,,,,,,,,,,,,,,,,,,,,,,,,,,,,,,,,,,,,,,,,,,,,,,,,,,,,,,,,,,,,,,,,,,,,,,,,,,,,,,,,,,,,,,,,,,,,,,,,,,,,,,,,,,,,,,,,,,,,,,,,,,,,,,,,,,,,,,,,,,,,,,,,,,,,,,,,,,,,,,,,,,,,,,,,,,,,,,,,,,,,,,,,,,,,,,,,,,,,,,,,,,,,,,,,,,,,,,,,,,,,,,,,,,,,,,,,,,,,,,,,,,,,,,,,,,,,,,,,,,,,,,,,,,,,,,,,,,,,,,,,
,Skaneateles,2024,800 ,"1,200 ",400 ,33,100,Independent,Public - Surface Lifts Only,,,,,,,,,,,,1,,,2,,3,2,2,,,U.S. - East,,,,,,,,,,,,,,,,,,,,,,,,,,,,,,,,,,,,,,,,,,,,,,,,,,,,,,,,,,,,,,,,,,,,,,,,,,,,,,,,,,,,,,,,,,,,,,,,,,,,,,,,,,,,,,,,,,,,,,,,,,,,,,,,,,,,,,,,,,,,,,,,,,,,,,,,,,,,,,,,,,,,,,,,,,,,,,,,,,,,,,,,,,,,,,,,,,,,,,,,,,,,,,,,,,,,,,,,,,,,,,,,,,,,,,,,,,,,,,,,,,,,,,,,,,,,,,,,,,,,,,,,,,,,,,,,,,,,,,,,,,,,,,,,,,,,,,,,,,,,,,,,,,,,,,,,,,,,,,,,,,,,,,,,,,,,,,,,,,,,,,,,,,,,,,,
,Snow Ridge,2020,"1,350 ","1,850 ",500 ,150,230,Independent,Public w/Aerial Lifts,,,,,,,,,,,3,1,,,,1,5,2,2,,,U.S. - East,,,,,,,,,,,,,,,,,,,,,,,,,,,,,,,,,,,,,,,,,,,,,,,,,,,,,,,,,,,,,,,,,,,,,,,,,,,,,,,,,,,,,,,,,,,,,,,,,,,,,,,,,,,,,,,,,,,,,,,,,,,,,,,,,,,,,,,,,,,,,,,,,,,,,,,,,,,,,,,,,,,,,,,,,,,,,,,,,,,,,,,,,,,,,,,,,,,,,,,,,,,,,,,,,,,,,,,,,,,,,,,,,,,,,,,,,,,,,,,,,,,,,,,,,,,,,,,,,,,,,,,,,,,,,,,,,,,,,,,,,,,,,,,,,,,,,,,,,,,,,,,,,,,,,,,,,,,,,,,,,,,,,,,,,,,,,,,,,,,,,,,,,,,,,,,
,Swain,2020,"1,320 ","1,970 ",650 ,120,130,Schoonover Family,Public w/Aerial Lifts,,,,,,,,,3,,1,,,,,1,5,2,2,1-3,$799,U.S. - East,,,,,,,,,,,,,,,,,,,,,,,,,,,,,,,,,,,,,,,,,,,,,,,,,,,,,,,,,,,,,,,,,,,,,,,,,,,,,,,,,,,,,,,,,,,,,,,,,,,,,,,,,,,,,,,,,,,,,,,,,,,,,,,,,,,,,,,,,,,,,,,,,,,,,,,,,,,,,,,,,,,,,,,,,,,,,,,,,,,,,,,,,,,,,,,,,,,,,,,,,,,,,,,,,,,,,,,,,,,,,,,,,,,,,,,,,,,,,,,,,,,,,,,,,,,,,,,,,,,,,,,,,,,,,,,,,,,,,,,,,,,,,,,,,,,,,,,,,,,,,,,,,,,,,,,,,,,,,,,,,,,,,,,,,,,,,,,,,,,,,,,,,,,,,,,
,Titus,2021,825 ,"2,025 ","1,200 ",380,150,Independent,Public w/Aerial Lifts,,,,,,,,,,2,5,,,,,1,8,2,2,1-3,$549,U.S. - East,,,,,,,,,,,,,,,,,,,,,,,,,,,,,,,,,,,,,,,,,,,,,,,,,,,,,,,,,,,,,,,,,,,,,,,,,,,,,,,,,,,,,,,,,,,,,,,,,,,,,,,,,,,,,,,,,,,,,,,,,,,,,,,,,,,,,,,,,,,,,,,,,,,,,,,,,,,,,,,,,,,,,,,,,,,,,,,,,,,,,,,,,,,,,,,,,,,,,,,,,,,,,,,,,,,,,,,,,,,,,,,,,,,,,,,,,,,,,,,,,,,,,,,,,,,,,,,,,,,,,,,,,,,,,,,,,,,,,,,,,,,,,,,,,,,,,,,,,,,,,,,,,,,,,,,,,,,,,,,,,,,,,,,,,,,,,,,,,,,,,,,,,,,,,,,
,West Mountain,2021,460 ,"1,470 ","1,010 ",130,80,Independent,Public w/Aerial Lifts,,,,,,,,,1,2,,,,,1,1,5,2,2,,$649,U.S. - East,,,,,,,,,,,,,,,,,,,,,,,,,,,,,,,,,,,,,,,,,,,,,,,,,,,,,,,,,,,,,,,,,,,,,,,,,,,,,,,,,,,,,,,,,,,,,,,,,,,,,,,,,,,,,,,,,,,,,,,,,,,,,,,,,,,,,,,,,,,,,,,,,,,,,,,,,,,,,,,,,,,,,,,,,,,,,,,,,,,,,,,,,,,,,,,,,,,,,,,,,,,,,,,,,,,,,,,,,,,,,,,,,,,,,,,,,,,,,,,,,,,,,,,,,,,,,,,,,,,,,,,,,,,,,,,,,,,,,,,,,,,,,,,,,,,,,,,,,,,,,,,,,,,,,,,,,,,,,,,,,,,,,,,,,,,,,,,,,,,,,,,,,,,,,,,
U.S. - North Carolina,Cataloochee,2019,"4,660 ","5,400 ",740 ,50,24,Independent,Public w/Aerial Lifts,,,,,,,,,2,1,,,,,,2,5,2,2,,$801,U.S. - East,,,,,,,,,,,,,,,,,,,,,,,,,,,,,,,,,,,,,,,,,,,,,,,,,,,,,,,,,,,,,,,,,,,,,,,,,,,,,,,,,,,,,,,,,,,,,,,,,,,,,,,,,,,,,,,,,,,,,,,,,,,,,,,,,,,,,,,,,,,,,,,,,,,,,,,,,,,,,,,,,,,,,,,,,,,,,,,,,,,,,,,,,,,,,,,,,,,,,,,,,,,,,,,,,,,,,,,,,,,,,,,,,,,,,,,,,,,,,,,,,,,,,,,,,,,,,,,,,,,,,,,,,,,,,,,,,,,,,,,,,,,,,,,,,,,,,,,,,,,,,,,,,,,,,,,,,,,,,,,,,,,,,,,,,,,,,,,,,,,,,,,,,,,,,,,
,Hatley Pointe,2024,"4,000 ","4,700 ",700 ,54,65,Independent,Public w/Aerial Lifts,,,,,,,,,2,,1,,,,1,2,6,2,2,,,U.S. - East,,,,,,,,,,,,,,,,,,,,,,,,,,,,,,,,,,,,,,,,,,,,,,,,,,,,,,,,,,,,,,,,,,,,,,,,,,,,,,,,,,,,,,,,,,,,,,,,,,,,,,,,,,,,,,,,,,,,,,,,,,,,,,,,,,,,,,,,,,,,,,,,,,,,,,,,,,,,,,,,,,,,,,,,,,,,,,,,,,,,,,,,,,,,,,,,,,,,,,,,,,,,,,,,,,,,,,,,,,,,,,,,,,,,,,,,,,,,,,,,,,,,,,,,,,,,,,,,,,,,,,,,,,,,,,,,,,,,,,,,,,,,,,,,,,,,,,,,,,,,,,,,,,,,,,,,,,,,,,,,,,,,,,,,,,,,,,,,,,,,,,,,,,,,,,,
U.S. - North Dakota,Bottineau Winter Park,2023,"2,260 ","2,460 ",200 ,17,70,Independent,Public w/Aerial Lifts,,,,,,,,,,1,,1,,,2,2,6,2,2,,,U.S. - Midwest,,,,,,,,,,,,,,,,,,,,,,,,,,,,,,,,,,,,,,,,,,,,,,,,,,,,,,,,,,,,,,,,,,,,,,,,,,,,,,,,,,,,,,,,,,,,,,,,,,,,,,,,,,,,,,,,,,,,,,,,,,,,,,,,,,,,,,,,,,,,,,,,,,,,,,,,,,,,,,,,,,,,,,,,,,,,,,,,,,,,,,,,,,,,,,,,,,,,,,,,,,,,,,,,,,,,,,,,,,,,,,,,,,,,,,,,,,,,,,,,,,,,,,,,,,,,,,,,,,,,,,,,,,,,,,,,,,,,,,,,,,,,,,,,,,,,,,,,,,,,,,,,,,,,,,,,,,,,,,,,,,,,,,,,,,,,,,,,,,,,,,,,,,,,,,,
,Huff Hills,2023,"1,875 ","2,257 ",382 ,70,55,Independent,Public w/Aerial Lifts,,,,,,,,,,,2,,,,2,,4,2,2,,,U.S. - Midwest,,,,,,,,,,,,,,,,,,,,,,,,,,,,,,,,,,,,,,,,,,,,,,,,,,,,,,,,,,,,,,,,,,,,,,,,,,,,,,,,,,,,,,,,,,,,,,,,,,,,,,,,,,,,,,,,,,,,,,,,,,,,,,,,,,,,,,,,,,,,,,,,,,,,,,,,,,,,,,,,,,,,,,,,,,,,,,,,,,,,,,,,,,,,,,,,,,,,,,,,,,,,,,,,,,,,,,,,,,,,,,,,,,,,,,,,,,,,,,,,,,,,,,,,,,,,,,,,,,,,,,,,,,,,,,,,,,,,,,,,,,,,,,,,,,,,,,,,,,,,,,,,,,,,,,,,,,,,,,,,,,,,,,,,,,,,,,,,,,,,,,,,,,,,,,,
,Thrill Hills,2026,,,290 ,30,35,Independent,Public w/Aerial Lifts,,,,,,,,,,,1,,,,1,,2,2,2,,,U.S. - Midwest,,,,,,,,,,,,,,,,,,,,,,,,,,,,,,,,,,,,,,,,,,,,,,,,,,,,,,,,,,,,,,,,,,,,,,,,,,,,,,,,,,,,,,,,,,,,,,,,,,,,,,,,,,,,,,,,,,,,,,,,,,,,,,,,,,,,,,,,,,,,,,,,,,,,,,,,,,,,,,,,,,,,,,,,,,,,,,,,,,,,,,,,,,,,,,,,,,,,,,,,,,,,,,,,,,,,,,,,,,,,,,,,,,,,,,,,,,,,,,,,,,,,,,,,,,,,,,,,,,,,,,,,,,,,,,,,,,,,,,,,,,,,,,,,,,,,,,,,,,,,,,,,,,,,,,,,,,,,,,,,,,,,,,,,,,,,,,,,,,,,,,,,,,,,,,,
U.S. - Oregon,Cooper Spur,2023,"3,969 ","4,400 ",431 ,50,250,Drake Family,Public w/Aerial Lifts - On Status Watch,,,,,,,,,,,1,,,,1,,2,2,2,,$269,U.S. - West,,,,,,,,,,,,,,,,,,,,,,,,,,,,,,,,,,,,,,,,,,,,,,,,,,,,,,,,,,,,,,,,,,,,,,,,,,,,,,,,,,,,,,,,,,,,,,,,,,,,,,,,,,,,,,,,,,,,,,,,,,,,,,,,,,,,,,,,,,,,,,,,,,,,,,,,,,,,,,,,,,,,,,,,,,,,,,,,,,,,,,,,,,,,,,,,,,,,,,,,,,,,,,,,,,,,,,,,,,,,,,,,,,,,,,,,,,,,,,,,,,,,,,,,,,,,,,,,,,,,,,,,,,,,,,,,,,,,,,,,,,,,,,,,,,,,,,,,,,,,,,,,,,,,,,,,,,,,,,,,,,,,,,,,,,,,,,,,,,,,,,,,,,,,,,,
,Hoodoo,2019,"4,668 ","5,703 ","1,035 ",800,350,Independent,Public w/Aerial Lifts,,,,,,,,,3,1,1,,,,,1,6,2B,2,,,U.S. - West,,,,,,,,,,,,,,,,,,,,,,,,,,,,,,,,,,,,,,,,,,,,,,,,,,,,,,,,,,,,,,,,,,,,,,,,,,,,,,,,,,,,,,,,,,,,,,,,,,,,,,,,,,,,,,,,,,,,,,,,,,,,,,,,,,,,,,,,,,,,,,,,,,,,,,,,,,,,,,,,,,,,,,,,,,,,,,,,,,,,,,,,,,,,,,,,,,,,,,,,,,,,,,,,,,,,,,,,,,,,,,,,,,,,,,,,,,,,,,,,,,,,,,,,,,,,,,,,,,,,,,,,,,,,,,,,,,,,,,,,,,,,,,,,,,,,,,,,,,,,,,,,,,,,,,,,,,,,,,,,,,,,,,,,,,,,,,,,,,,,,,,,,,,,,,,
,Mount Hood Meadows,2022,"4,528 ","7,305 ","2,777 ","2,150",439,Drake Family,Public w/Aerial Lifts,,,,,,1,,5,1,,3,,,,,1,11,2B,2,,$979,U.S. - West,,,,,,,,,,,,,,,,,,,,,,,,,,,,,,,,,,,,,,,,,,,,,,,,,,,,,,,,,,,,,,,,,,,,,,,,,,,,,,,,,,,,,,,,,,,,,,,,,,,,,,,,,,,,,,,,,,,,,,,,,,,,,,,,,,,,,,,,,,,,,,,,,,,,,,,,,,,,,,,,,,,,,,,,,,,,,,,,,,,,,,,,,,,,,,,,,,,,,,,,,,,,,,,,,,,,,,,,,,,,,,,,,,,,,,,,,,,,,,,,,,,,,,,,,,,,,,,,,,,,,,,,,,,,,,,,,,,,,,,,,,,,,,,,,,,,,,,,,,,,,,,,,,,,,,,,,,,,,,,,,,,,,,,,,,,,,,,,,,,,,,,,,,,,,,,
U.S. - Pennsylvania,Bear Creek,2024,590 ,"1,100 ",510 ,86,30,Independent,Public w/Aerial Lifts,,,,,,,,,3,1,,,,,,1,5,2,2,,,U.S. - East,,,,,,,,,,,,,,,,,,,,,,,,,,,,,,,,,,,,,,,,,,,,,,,,,,,,,,,,,,,,,,,,,,,,,,,,,,,,,,,,,,,,,,,,,,,,,,,,,,,,,,,,,,,,,,,,,,,,,,,,,,,,,,,,,,,,,,,,,,,,,,,,,,,,,,,,,,,,,,,,,,,,,,,,,,,,,,,,,,,,,,,,,,,,,,,,,,,,,,,,,,,,,,,,,,,,,,,,,,,,,,,,,,,,,,,,,,,,,,,,,,,,,,,,,,,,,,,,,,,,,,,,,,,,,,,,,,,,,,,,,,,,,,,,,,,,,,,,,,,,,,,,,,,,,,,,,,,,,,,,,,,,,,,,,,,,,,,,,,,,,,,,,,,,,,,
,Blue Knob,2019,"2,100 ","3,172 ","1,072 ",100,120,Independent,Public w/Aerial Lifts,,,,,,,,,,2,2,,,,,1,5,2,2,,$469,U.S. - East,,,,,,,,,,,,,,,,,,,,,,,,,,,,,,,,,,,,,,,,,,,,,,,,,,,,,,,,,,,,,,,,,,,,,,,,,,,,,,,,,,,,,,,,,,,,,,,,,,,,,,,,,,,,,,,,,,,,,,,,,,,,,,,,,,,,,,,,,,,,,,,,,,,,,,,,,,,,,,,,,,,,,,,,,,,,,,,,,,,,,,,,,,,,,,,,,,,,,,,,,,,,,,,,,,,,,,,,,,,,,,,,,,,,,,,,,,,,,,,,,,,,,,,,,,,,,,,,,,,,,,,,,,,,,,,,,,,,,,,,,,,,,,,,,,,,,,,,,,,,,,,,,,,,,,,,,,,,,,,,,,,,,,,,,,,,,,,,,,,,,,,,,,,,,,,
,Montage,2021,969 ,"1,960 ",991 ,140,47,Independent,Public w/Aerial Lifts,,,,,,,,,1,3,1,,,,1,2,8,2,2,,$499,U.S. - East,,,,,,,,,,,,,,,,,,,,,,,,,,,,,,,,,,,,,,,,,,,,,,,,,,,,,,,,,,,,,,,,,,,,,,,,,,,,,,,,,,,,,,,,,,,,,,,,,,,,,,,,,,,,,,,,,,,,,,,,,,,,,,,,,,,,,,,,,,,,,,,,,,,,,,,,,,,,,,,,,,,,,,,,,,,,,,,,,,,,,,,,,,,,,,,,,,,,,,,,,,,,,,,,,,,,,,,,,,,,,,,,,,,,,,,,,,,,,,,,,,,,,,,,,,,,,,,,,,,,,,,,,,,,,,,,,,,,,,,,,,,,,,,,,,,,,,,,,,,,,,,,,,,,,,,,,,,,,,,,,,,,,,,,,,,,,,,,,,,,,,,,,,,,,,,
,Shawnee Mountain,2019,650 ,"1,350 ",700 ,120,50,Independent,Public w/Aerial Lifts,,,,,,,,1,1,,4,,,,,3,9,2B,2,,,U.S. - East,,,,,,,,,,,,,,,,,,,,,,,,,,,,,,,,,,,,,,,,,,,,,,,,,,,,,,,,,,,,,,,,,,,,,,,,,,,,,,,,,,,,,,,,,,,,,,,,,,,,,,,,,,,,,,,,,,,,,,,,,,,,,,,,,,,,,,,,,,,,,,,,,,,,,,,,,,,,,,,,,,,,,,,,,,,,,,,,,,,,,,,,,,,,,,,,,,,,,,,,,,,,,,,,,,,,,,,,,,,,,,,,,,,,,,,,,,,,,,,,,,,,,,,,,,,,,,,,,,,,,,,,,,,,,,,,,,,,,,,,,,,,,,,,,,,,,,,,,,,,,,,,,,,,,,,,,,,,,,,,,,,,,,,,,,,,,,,,,,,,,,,,,,,,,,,
,Ski Big Bear,2023,550 ,"1,200 ",650 ,26,50,Independent,Public w/Aerial Lifts,,,,,,,,,,,4,,,,,3,7,2B,2,1-3B,$400,U.S. - East,,,,,,,,,,,,,,,,,,,,,,,,,,,,,,,,,,,,,,,,,,,,,,,,,,,,,,,,,,,,,,,,,,,,,,,,,,,,,,,,,,,,,,,,,,,,,,,,,,,,,,,,,,,,,,,,,,,,,,,,,,,,,,,,,,,,,,,,,,,,,,,,,,,,,,,,,,,,,,,,,,,,,,,,,,,,,,,,,,,,,,,,,,,,,,,,,,,,,,,,,,,,,,,,,,,,,,,,,,,,,,,,,,,,,,,,,,,,,,,,,,,,,,,,,,,,,,,,,,,,,,,,,,,,,,,,,,,,,,,,,,,,,,,,,,,,,,,,,,,,,,,,,,,,,,,,,,,,,,,,,,,,,,,,,,,,,,,,,,,,,,,,,,,,,,,
,Ski Sawmill,2022,"1,700 ","2,215 ",515 ,15,24,Independent,Public w/Aerial Lifts,,,,,,,,,,1,1,2,,,,,4,2,2,,,U.S. - East,,,,,,,,,,,,,,,,,,,,,,,,,,,,,,,,,,,,,,,,,,,,,,,,,,,,,,,,,,,,,,,,,,,,,,,,,,,,,,,,,,,,,,,,,,,,,,,,,,,,,,,,,,,,,,,,,,,,,,,,,,,,,,,,,,,,,,,,,,,,,,,,,,,,,,,,,,,,,,,,,,,,,,,,,,,,,,,,,,,,,,,,,,,,,,,,,,,,,,,,,,,,,,,,,,,,,,,,,,,,,,,,,,,,,,,,,,,,,,,,,,,,,,,,,,,,,,,,,,,,,,,,,,,,,,,,,,,,,,,,,,,,,,,,,,,,,,,,,,,,,,,,,,,,,,,,,,,,,,,,,,,,,,,,,,,,,,,,,,,,,,,,,,,,,,,
,Tussey,2022,"1,319 ","1,819 ",500 ,38,41,Independent,Public w/Aerial Lifts,,,,,,,,,1,,1,1,,,,,3,2B,2,,,U.S. - East,,,,,,,,,,,,,,,,,,,,,,,,,,,,,,,,,,,,,,,,,,,,,,,,,,,,,,,,,,,,,,,,,,,,,,,,,,,,,,,,,,,,,,,,,,,,,,,,,,,,,,,,,,,,,,,,,,,,,,,,,,,,,,,,,,,,,,,,,,,,,,,,,,,,,,,,,,,,,,,,,,,,,,,,,,,,,,,,,,,,,,,,,,,,,,,,,,,,,,,,,,,,,,,,,,,,,,,,,,,,,,,,,,,,,,,,,,,,,,,,,,,,,,,,,,,,,,,,,,,,,,,,,,,,,,,,,,,,,,,,,,,,,,,,,,,,,,,,,,,,,,,,,,,,,,,,,,,,,,,,,,,,,,,,,,,,,,,,,,,,,,,,,,,,,,,
U.S. - South Dakota,Great Bear,2023,"1,463 ","1,645 ",182 ,21,41,Independent,Public w/Aerial Lifts,,,,,,,,,1,,,,,,1,1,3,2,2,,$285.00,U.S. - Midwest,,,,,,,,,,,,,,,,,,,,,,,,,,,,,,,,,,,,,,,,,,,,,,,,,,,,,,,,,,,,,,,,,,,,,,,,,,,,,,,,,,,,,,,,,,,,,,,,,,,,,,,,,,,,,,,,,,,,,,,,,,,,,,,,,,,,,,,,,,,,,,,,,,,,,,,,,,,,,,,,,,,,,,,,,,,,,,,,,,,,,,,,,,,,,,,,,,,,,,,,,,,,,,,,,,,,,,,,,,,,,,,,,,,,,,,,,,,,,,,,,,,,,,,,,,,,,,,,,,,,,,,,,,,,,,,,,,,,,,,,,,,,,,,,,,,,,,,,,,,,,,,,,,,,,,,,,,,,,,,,,,,,,,,,,,,,,,,,,,,,,,,,,,,,,,,
,Terry Peak,2019,"5,900 ","7,100 ","1,200 ",450,150,Independent,Public w/Aerial Lifts,,,,,,,,3,,1,,,,,,1,5,2B,2,,,U.S. - Midwest,,,,,,,,,,,,,,,,,,,,,,,,,,,,,,,,,,,,,,,,,,,,,,,,,,,,,,,,,,,,,,,,,,,,,,,,,,,,,,,,,,,,,,,,,,,,,,,,,,,,,,,,,,,,,,,,,,,,,,,,,,,,,,,,,,,,,,,,,,,,,,,,,,,,,,,,,,,,,,,,,,,,,,,,,,,,,,,,,,,,,,,,,,,,,,,,,,,,,,,,,,,,,,,,,,,,,,,,,,,,,,,,,,,,,,,,,,,,,,,,,,,,,,,,,,,,,,,,,,,,,,,,,,,,,,,,,,,,,,,,,,,,,,,,,,,,,,,,,,,,,,,,,,,,,,,,,,,,,,,,,,,,,,,,,,,,,,,,,,,,,,,,,,,,,,,
U.S. - Tennessee,Ober Mountain,2019,"2,682 ","3,208 ",526 ,38,35,Independent,Public w/Aerial Lifts,1,,,,,,,,3,,,,,,,2,6,2,2,,,U.S. - East,,,,,,,,,,,,,,,,,,,,,,,,,,,,,,,,,,,,,,,,,,,,,,,,,,,,,,,,,,,,,,,,,,,,,,,,,,,,,,,,,,,,,,,,,,,,,,,,,,,,,,,,,,,,,,,,,,,,,,,,,,,,,,,,,,,,,,,,,,,,,,,,,,,,,,,,,,,,,,,,,,,,,,,,,,,,,,,,,,,,,,,,,,,,,,,,,,,,,,,,,,,,,,,,,,,,,,,,,,,,,,,,,,,,,,,,,,,,,,,,,,,,,,,,,,,,,,,,,,,,,,,,,,,,,,,,,,,,,,,,,,,,,,,,,,,,,,,,,,,,,,,,,,,,,,,,,,,,,,,,,,,,,,,,,,,,,,,,,,,,,,,,,,,,,,,
U.S. - Utah,Beaver Mountain,2019,"7,100 ","8,800 ","1,700 ",880,300,Independent,Public w/Aerial Lifts,,,,,,,,,,3,1,,,,,2,6,2B,2,,$680,U.S. - West,,,,,,,,,,,,,,,,,,,,,,,,,,,,,,,,,,,,,,,,,,,,,,,,,,,,,,,,,,,,,,,,,,,,,,,,,,,,,,,,,,,,,,,,,,,,,,,,,,,,,,,,,,,,,,,,,,,,,,,,,,,,,,,,,,,,,,,,,,,,,,,,,,,,,,,,,,,,,,,,,,,,,,,,,,,,,,,,,,,,,,,,,,,,,,,,,,,,,,,,,,,,,,,,,,,,,,,,,,,,,,,,,,,,,,,,,,,,,,,,,,,,,,,,,,,,,,,,,,,,,,,,,,,,,,,,,,,,,,,,,,,,,,,,,,,,,,,,,,,,,,,,,,,,,,,,,,,,,,,,,,,,,,,,,,,,,,,,,,,,,,,,,,,,,,,
,Cherry Peak,,"5,775 ","7,050 ","1,275 ",400,300,Independent,Public w/Aerial Lifts,,,,,,,,,,3,,,,,,1,4,Discount,Discount,,$319,U.S. - West,,,,,,,,,,,,,,,,,,,,,,,,,,,,,,,,,,,,,,,,,,,,,,,,,,,,,,,,,,,,,,,,,,,,,,,,,,,,,,,,,,,,,,,,,,,,,,,,,,,,,,,,,,,,,,,,,,,,,,,,,,,,,,,,,,,,,,,,,,,,,,,,,,,,,,,,,,,,,,,,,,,,,,,,,,,,,,,,,,,,,,,,,,,,,,,,,,,,,,,,,,,,,,,,,,,,,,,,,,,,,,,,,,,,,,,,,,,,,,,,,,,,,,,,,,,,,,,,,,,,,,,,,,,,,,,,,,,,,,,,,,,,,,,,,,,,,,,,,,,,,,,,,,,,,,,,,,,,,,,,,,,,,,,,,,,,,,,,,,,,,,,,,,,,,,,
,Eagle Point,2021,"9,100 ","10,600 ","1,500 ",650,350,Independent,"Public w/Aerial Lifts, On Status Watch",,,,,,,,,1,1,2,,,1,,,5,2,2,,,U.S. - West,,,,,,,,,,,,,,,,,,,,,,,,,,,,,,,,,,,,,,,,,,,,,,,,,,,,,,,,,,,,,,,,,,,,,,,,,,,,,,,,,,,,,,,,,,,,,,,,,,,,,,,,,,,,,,,,,,,,,,,,,,,,,,,,,,,,,,,,,,,,,,,,,,,,,,,,,,,,,,,,,,,,,,,,,,,,,,,,,,,,,,,,,,,,,,,,,,,,,,,,,,,,,,,,,,,,,,,,,,,,,,,,,,,,,,,,,,,,,,,,,,,,,,,,,,,,,,,,,,,,,,,,,,,,,,,,,,,,,,,,,,,,,,,,,,,,,,,,,,,,,,,,,,,,,,,,,,,,,,,,,,,,,,,,,,,,,,,,,,,,,,,,,,,,,,,
U.S. - Vermont,Bolton Valley,2019,"1,446 ","3,150 ","1,704 ",300,312,Independent,Public w/Aerial Lifts,,,,,,,,,2,,3,,,,1,,6,2,2,1-3B,$799,U.S. - East,,,,,,,,,,,,,,,,,,,,,,,,,,,,,,,,,,,,,,,,,,,,,,,,,,,,,,,,,,,,,,,,,,,,,,,,,,,,,,,,,,,,,,,,,,,,,,,,,,,,,,,,,,,,,,,,,,,,,,,,,,,,,,,,,,,,,,,,,,,,,,,,,,,,,,,,,,,,,,,,,,,,,,,,,,,,,,,,,,,,,,,,,,,,,,,,,,,,,,,,,,,,,,,,,,,,,,,,,,,,,,,,,,,,,,,,,,,,,,,,,,,,,,,,,,,,,,,,,,,,,,,,,,,,,,,,,,,,,,,,,,,,,,,,,,,,,,,,,,,,,,,,,,,,,,,,,,,,,,,,,,,,,,,,,,,,,,,,,,,,,,,,,,,,,,,
,Burke,2025,"1,210 ","3,267 ","2,057 ",270,217,Bear Den Partners,Public w/Aerial Lifts,,,,,,,,2,,,,1,1,,,1,5,2,2,,$649,U.S. - East,,,,,,,,,,,,,,,,,,,,,,,,,,,,,,,,,,,,,,,,,,,,,,,,,,,,,,,,,,,,,,,,,,,,,,,,,,,,,,,,,,,,,,,,,,,,,,,,,,,,,,,,,,,,,,,,,,,,,,,,,,,,,,,,,,,,,,,,,,,,,,,,,,,,,,,,,,,,,,,,,,,,,,,,,,,,,,,,,,,,,,,,,,,,,,,,,,,,,,,,,,,,,,,,,,,,,,,,,,,,,,,,,,,,,,,,,,,,,,,,,,,,,,,,,,,,,,,,,,,,,,,,,,,,,,,,,,,,,,,,,,,,,,,,,,,,,,,,,,,,,,,,,,,,,,,,,,,,,,,,,,,,,,,,,,,,,,,,,,,,,,,,,,,,,,,
,Jay Peak,2020,"1,750 ","3,862 ","2,112 ",485,349,Pacific Group Resorts,Public w/Aerial Lifts,1,,,,,,,1,3,1,1,,,,,2,9,2,2,1-3B,$859,U.S. - East,,,,,,,,,,,,,,,,,,,,,,,,,,,,,,,,,,,,,,,,,,,,,,,,,,,,,,,,,,,,,,,,,,,,,,,,,,,,,,,,,,,,,,,,,,,,,,,,,,,,,,,,,,,,,,,,,,,,,,,,,,,,,,,,,,,,,,,,,,,,,,,,,,,,,,,,,,,,,,,,,,,,,,,,,,,,,,,,,,,,,,,,,,,,,,,,,,,,,,,,,,,,,,,,,,,,,,,,,,,,,,,,,,,,,,,,,,,,,,,,,,,,,,,,,,,,,,,,,,,,,,,,,,,,,,,,,,,,,,,,,,,,,,,,,,,,,,,,,,,,,,,,,,,,,,,,,,,,,,,,,,,,,,,,,,,,,,,,,,,,,,,,,,,,,,,
,Magic Mountain,2019,"1,350 ","2,850 ","1,500 ",405,130,Independent,Public w/Aerial Lifts,,,,,,,,,1,,2,,,,1,1,5,2,2,,$789,U.S. - East,,,,,,,,,,,,,,,,,,,,,,,,,,,,,,,,,,,,,,,,,,,,,,,,,,,,,,,,,,,,,,,,,,,,,,,,,,,,,,,,,,,,,,,,,,,,,,,,,,,,,,,,,,,,,,,,,,,,,,,,,,,,,,,,,,,,,,,,,,,,,,,,,,,,,,,,,,,,,,,,,,,,,,,,,,,,,,,,,,,,,,,,,,,,,,,,,,,,,,,,,,,,,,,,,,,,,,,,,,,,,,,,,,,,,,,,,,,,,,,,,,,,,,,,,,,,,,,,,,,,,,,,,,,,,,,,,,,,,,,,,,,,,,,,,,,,,,,,,,,,,,,,,,,,,,,,,,,,,,,,,,,,,,,,,,,,,,,,,,,,,,,,,,,,,,,
,Middlebury Snowbowl,2024,"1,800 ","2,720 ",920 ,200,200,Independent,Public w/Aerial Lifts,,,,,,,,,1,2,,,,,,1,4,2,2,,$499,U.S. - East,,,,,,,,,,,,,,,,,,,,,,,,,,,,,,,,,,,,,,,,,,,,,,,,,,,,,,,,,,,,,,,,,,,,,,,,,,,,,,,,,,,,,,,,,,,,,,,,,,,,,,,,,,,,,,,,,,,,,,,,,,,,,,,,,,,,,,,,,,,,,,,,,,,,,,,,,,,,,,,,,,,,,,,,,,,,,,,,,,,,,,,,,,,,,,,,,,,,,,,,,,,,,,,,,,,,,,,,,,,,,,,,,,,,,,,,,,,,,,,,,,,,,,,,,,,,,,,,,,,,,,,,,,,,,,,,,,,,,,,,,,,,,,,,,,,,,,,,,,,,,,,,,,,,,,,,,,,,,,,,,,,,,,,,,,,,,,,,,,,,,,,,,,,,,,,
,Saskadena Six,2019,,,650 ,100,90,Independent,Public w/Aerial Lifts,,,,,,,,,1,,1,,,,,1,3,2,2,,,U.S. - East,,,,,,,,,,,,,,,,,,,,,,,,,,,,,,,,,,,,,,,,,,,,,,,,,,,,,,,,,,,,,,,,,,,,,,,,,,,,,,,,,,,,,,,,,,,,,,,,,,,,,,,,,,,,,,,,,,,,,,,,,,,,,,,,,,,,,,,,,,,,,,,,,,,,,,,,,,,,,,,,,,,,,,,,,,,,,,,,,,,,,,,,,,,,,,,,,,,,,,,,,,,,,,,,,,,,,,,,,,,,,,,,,,,,,,,,,,,,,,,,,,,,,,,,,,,,,,,,,,,,,,,,,,,,,,,,,,,,,,,,,,,,,,,,,,,,,,,,,,,,,,,,,,,,,,,,,,,,,,,,,,,,,,,,,,,,,,,,,,,,,,,,,,,,,,,
U.S. - Virginia,Bryce,2019,"1,250 ","1,750 ",500 ,50,30,Independent,Public w/Aerial Lifts,,,,,,,,,3,,,,,,,2,5,2,2,,,U.S. - East,,,,,,,,,,,,,,,,,,,,,,,,,,,,,,,,,,,,,,,,,,,,,,,,,,,,,,,,,,,,,,,,,,,,,,,,,,,,,,,,,,,,,,,,,,,,,,,,,,,,,,,,,,,,,,,,,,,,,,,,,,,,,,,,,,,,,,,,,,,,,,,,,,,,,,,,,,,,,,,,,,,,,,,,,,,,,,,,,,,,,,,,,,,,,,,,,,,,,,,,,,,,,,,,,,,,,,,,,,,,,,,,,,,,,,,,,,,,,,,,,,,,,,,,,,,,,,,,,,,,,,,,,,,,,,,,,,,,,,,,,,,,,,,,,,,,,,,,,,,,,,,,,,,,,,,,,,,,,,,,,,,,,,,,,,,,,,,,,,,,,,,,,,,,,,,
,Massanutten,2019,"1,770 ","2,925 ","1,155 ",70,35,Independent,Public w/Aerial Lifts,,,,,,,,1,2,1,,,,,,3,7,2B,2,,$560,U.S. - East,,,,,,,,,,,,,,,,,,,,,,,,,,,,,,,,,,,,,,,,,,,,,,,,,,,,,,,,,,,,,,,,,,,,,,,,,,,,,,,,,,,,,,,,,,,,,,,,,,,,,,,,,,,,,,,,,,,,,,,,,,,,,,,,,,,,,,,,,,,,,,,,,,,,,,,,,,,,,,,,,,,,,,,,,,,,,,,,,,,,,,,,,,,,,,,,,,,,,,,,,,,,,,,,,,,,,,,,,,,,,,,,,,,,,,,,,,,,,,,,,,,,,,,,,,,,,,,,,,,,,,,,,,,,,,,,,,,,,,,,,,,,,,,,,,,,,,,,,,,,,,,,,,,,,,,,,,,,,,,,,,,,,,,,,,,,,,,,,,,,,,,,,,,,,,,
,Wintergreen,2024,"2,512 ","3,515 ","1,003 ",129,40,Pacific Group Resorts,Public w/Aerial Lifts,,,,,,2,,,1,1,1,,,,,3,8,2,2,,$449,U.S. - East,,,,,,,,,,,,,,,,,,,,,,,,,,,,,,,,,,,,,,,,,,,,,,,,,,,,,,,,,,,,,,,,,,,,,,,,,,,,,,,,,,,,,,,,,,,,,,,,,,,,,,,,,,,,,,,,,,,,,,,,,,,,,,,,,,,,,,,,,,,,,,,,,,,,,,,,,,,,,,,,,,,,,,,,,,,,,,,,,,,,,,,,,,,,,,,,,,,,,,,,,,,,,,,,,,,,,,,,,,,,,,,,,,,,,,,,,,,,,,,,,,,,,,,,,,,,,,,,,,,,,,,,,,,,,,,,,,,,,,,,,,,,,,,,,,,,,,,,,,,,,,,,,,,,,,,,,,,,,,,,,,,,,,,,,,,,,,,,,,,,,,,,,,,,,,,
U.S. - Washington,49° North,2019,"3,923 ","5,774 ","1,851 ","2,325",301,CMR Lands,Public w/Aerial Lifts,,,,,,,,1,2,,3,,,,,1,7,2B,2,,$499,U.S. - West,,,,,,,,,,,,,,,,,,,,,,,,,,,,,,,,,,,,,,,,,,,,,,,,,,,,,,,,,,,,,,,,,,,,,,,,,,,,,,,,,,,,,,,,,,,,,,,,,,,,,,,,,,,,,,,,,,,,,,,,,,,,,,,,,,,,,,,,,,,,,,,,,,,,,,,,,,,,,,,,,,,,,,,,,,,,,,,,,,,,,,,,,,,,,,,,,,,,,,,,,,,,,,,,,,,,,,,,,,,,,,,,,,,,,,,,,,,,,,,,,,,,,,,,,,,,,,,,,,,,,,,,,,,,,,,,,,,,,,,,,,,,,,,,,,,,,,,,,,,,,,,,,,,,,,,,,,,,,,,,,,,,,,,,,,,,,,,,,,,,,,,,,,,,,,,
,Bluewood,2022,"4,545 ","5,670 ","1,125 ",355,300,Independent,Public w/Aerial Lifts,,,,,,,,,,2,,,,,,2,4,2,2,1-3,$549,U.S. - West,,,,,,,,,,,,,,,,,,,,,,,,,,,,,,,,,,,,,,,,,,,,,,,,,,,,,,,,,,,,,,,,,,,,,,,,,,,,,,,,,,,,,,,,,,,,,,,,,,,,,,,,,,,,,,,,,,,,,,,,,,,,,,,,,,,,,,,,,,,,,,,,,,,,,,,,,,,,,,,,,,,,,,,,,,,,,,,,,,,,,,,,,,,,,,,,,,,,,,,,,,,,,,,,,,,,,,,,,,,,,,,,,,,,,,,,,,,,,,,,,,,,,,,,,,,,,,,,,,,,,,,,,,,,,,,,,,,,,,,,,,,,,,,,,,,,,,,,,,,,,,,,,,,,,,,,,,,,,,,,,,,,,,,,,,,,,,,,,,,,,,,,,,,,,,,
,Hurricane Ridge,2019,"4,870 ","5,444 ",574 ,250,400,Independent,Public - Surface Lifts Only,,,,,,,,,,,,,,1,2,,3,2,2,,,U.S. - West,,,,,,,,,,,,,,,,,,,,,,,,,,,,,,,,,,,,,,,,,,,,,,,,,,,,,,,,,,,,,,,,,,,,,,,,,,,,,,,,,,,,,,,,,,,,,,,,,,,,,,,,,,,,,,,,,,,,,,,,,,,,,,,,,,,,,,,,,,,,,,,,,,,,,,,,,,,,,,,,,,,,,,,,,,,,,,,,,,,,,,,,,,,,,,,,,,,,,,,,,,,,,,,,,,,,,,,,,,,,,,,,,,,,,,,,,,,,,,,,,,,,,,,,,,,,,,,,,,,,,,,,,,,,,,,,,,,,,,,,,,,,,,,,,,,,,,,,,,,,,,,,,,,,,,,,,,,,,,,,,,,,,,,,,,,,,,,,,,,,,,,,,,,,,,,
,Leavenworth Ski Hill,2025,"1,454 ","1,738 ",284 ,20,89,Independent,Public - Surface Lifts Only,,,,,,,,,,,,,,,2,1,3,2,2,,$250,U.S. - West,,,,,,,,,,,,,,,,,,,,,,,,,,,,,,,,,,,,,,,,,,,,,,,,,,,,,,,,,,,,,,,,,,,,,,,,,,,,,,,,,,,,,,,,,,,,,,,,,,,,,,,,,,,,,,,,,,,,,,,,,,,,,,,,,,,,,,,,,,,,,,,,,,,,,,,,,,,,,,,,,,,,,,,,,,,,,,,,,,,,,,,,,,,,,,,,,,,,,,,,,,,,,,,,,,,,,,,,,,,,,,,,,,,,,,,,,,,,,,,,,,,,,,,,,,,,,,,,,,,,,,,,,,,,,,,,,,,,,,,,,,,,,,,,,,,,,,,,,,,,,,,,,,,,,,,,,,,,,,,,,,,,,,,,,,,,,,,,,,,,,,,,,,,,,,,
,Loup Loup,2023,"4,020 ","5,260 ","1,240 ",300,86,Independent,Public - Surface Lifts Only - on Status Watch,,,,,,,,,1,,,,,1,1,,3,2B,2,1-3B,,U.S. - West,,,,,,,,,,,,,,,,,,,,,,,,,,,,,,,,,,,,,,,,,,,,,,,,,,,,,,,,,,,,,,,,,,,,,,,,,,,,,,,,,,,,,,,,,,,,,,,,,,,,,,,,,,,,,,,,,,,,,,,,,,,,,,,,,,,,,,,,,,,,,,,,,,,,,,,,,,,,,,,,,,,,,,,,,,,,,,,,,,,,,,,,,,,,,,,,,,,,,,,,,,,,,,,,,,,,,,,,,,,,,,,,,,,,,,,,,,,,,,,,,,,,,,,,,,,,,,,,,,,,,,,,,,,,,,,,,,,,,,,,,,,,,,,,,,,,,,,,,,,,,,,,,,,,,,,,,,,,,,,,,,,,,,,,,,,,,,,,,,,,,,,,,,,,,,,
,Mission Ridge,2019,"4,570 ","6,820 ","2,250 ","2,000",200,Larry Scrivanich,Public w/Aerial Lifts,,,,,,,,1,,,3,,,,2,1,7,2,2,,$849,U.S. - West,,,,,,,,,,,,,,,,,,,,,,,,,,,,,,,,,,,,,,,,,,,,,,,,,,,,,,,,,,,,,,,,,,,,,,,,,,,,,,,,,,,,,,,,,,,,,,,,,,,,,,,,,,,,,,,,,,,,,,,,,,,,,,,,,,,,,,,,,,,,,,,,,,,,,,,,,,,,,,,,,,,,,,,,,,,,,,,,,,,,,,,,,,,,,,,,,,,,,,,,,,,,,,,,,,,,,,,,,,,,,,,,,,,,,,,,,,,,,,,,,,,,,,,,,,,,,,,,,,,,,,,,,,,,,,,,,,,,,,,,,,,,,,,,,,,,,,,,,,,,,,,,,,,,,,,,,,,,,,,,,,,,,,,,,,,,,,,,,,,,,,,,,,,,,,,
,White Pass,2019,"4,500 ","6,500 ","2,000 ","1,402",400,Independent,Public w/Aerial Lifts,,,,,,,,2,2,1,,,,,,3,8,2B,2,,,U.S. - West,,,,,,,,,,,,,,,,,,,,,,,,,,,,,,,,,,,,,,,,,,,,,,,,,,,,,,,,,,,,,,,,,,,,,,,,,,,,,,,,,,,,,,,,,,,,,,,,,,,,,,,,,,,,,,,,,,,,,,,,,,,,,,,,,,,,,,,,,,,,,,,,,,,,,,,,,,,,,,,,,,,,,,,,,,,,,,,,,,,,,,,,,,,,,,,,,,,,,,,,,,,,,,,,,,,,,,,,,,,,,,,,,,,,,,,,,,,,,,,,,,,,,,,,,,,,,,,,,,,,,,,,,,,,,,,,,,,,,,,,,,,,,,,,,,,,,,,,,,,,,,,,,,,,,,,,,,,,,,,,,,,,,,,,,,,,,,,,,,,,,,,,,,,,,,,
U.S. - West Virginia,Canaan Valley,2019,"3,430 ","4,280 ",850 ,95,117,Independent,Public w/Aerial Lifts,,,,,,,,,1,2,,,,,,3,6,2,2,,$399,U.S. - East,,,,,,,,,,,,,,,,,,,,,,,,,,,,,,,,,,,,,,,,,,,,,,,,,,,,,,,,,,,,,,,,,,,,,,,,,,,,,,,,,,,,,,,,,,,,,,,,,,,,,,,,,,,,,,,,,,,,,,,,,,,,,,,,,,,,,,,,,,,,,,,,,,,,,,,,,,,,,,,,,,,,,,,,,,,,,,,,,,,,,,,,,,,,,,,,,,,,,,,,,,,,,,,,,,,,,,,,,,,,,,,,,,,,,,,,,,,,,,,,,,,,,,,,,,,,,,,,,,,,,,,,,,,,,,,,,,,,,,,,,,,,,,,,,,,,,,,,,,,,,,,,,,,,,,,,,,,,,,,,,,,,,,,,,,,,,,,,,,,,,,,,,,,,,,,
,Winterplace,2020,"2,997 ","3,600 ",603 ,90,100,Independent,Public w/Aerial Lifts,,,,,,,,,2,3,2,,,,,2,9,2,2,,$449,U.S. - East,,,,,,,,,,,,,,,,,,,,,,,,,,,,,,,,,,,,,,,,,,,,,,,,,,,,,,,,,,,,,,,,,,,,,,,,,,,,,,,,,,,,,,,,,,,,,,,,,,,,,,,,,,,,,,,,,,,,,,,,,,,,,,,,,,,,,,,,,,,,,,,,,,,,,,,,,,,,,,,,,,,,,,,,,,,,,,,,,,,,,,,,,,,,,,,,,,,,,,,,,,,,,,,,,,,,,,,,,,,,,,,,,,,,,,,,,,,,,,,,,,,,,,,,,,,,,,,,,,,,,,,,,,,,,,,,,,,,,,,,,,,,,,,,,,,,,,,,,,,,,,,,,,,,,,,,,,,,,,,,,,,,,,,,,,,,,,,,,,,,,,,,,,,,,,,
U.S. - Wisconsin,Bruce Mound,2024,"1,000 ","1,375 ",375 ,40,12,Independent,Public w/Aerial Lifts,,,,,,,,,,1,,2,,,3,,6,2,2,,,U.S. - Midwest,,,,,,,,,,,,,,,,,,,,,,,,,,,,,,,,,,,,,,,,,,,,,,,,,,,,,,,,,,,,,,,,,,,,,,,,,,,,,,,,,,,,,,,,,,,,,,,,,,,,,,,,,,,,,,,,,,,,,,,,,,,,,,,,,,,,,,,,,,,,,,,,,,,,,,,,,,,,,,,,,,,,,,,,,,,,,,,,,,,,,,,,,,,,,,,,,,,,,,,,,,,,,,,,,,,,,,,,,,,,,,,,,,,,,,,,,,,,,,,,,,,,,,,,,,,,,,,,,,,,,,,,,,,,,,,,,,,,,,,,,,,,,,,,,,,,,,,,,,,,,,,,,,,,,,,,,,,,,,,,,,,,,,,,,,,,,,,,,,,,,,,,,,,,,,,
,Camp 10,2026,"1,509 ","1,739 ",230 ,120,60,Independent,Public w/Aerial Lifts,,,,,,,,,,,1,2,,,1,,4,,,,,U.S. - Midwest,,,,,,,,,,,,,,,,,,,,,,,,,,,,,,,,,,,,,,,,,,,,,,,,,,,,,,,,,,,,,,,,,,,,,,,,,,,,,,,,,,,,,,,,,,,,,,,,,,,,,,,,,,,,,,,,,,,,,,,,,,,,,,,,,,,,,,,,,,,,,,,,,,,,,,,,,,,,,,,,,,,,,,,,,,,,,,,,,,,,,,,,,,,,,,,,,,,,,,,,,,,,,,,,,,,,,,,,,,,,,,,,,,,,,,,,,,,,,,,,,,,,,,,,,,,,,,,,,,,,,,,,,,,,,,,,,,,,,,,,,,,,,,,,,,,,,,,,,,,,,,,,,,,,,,,,,,,,,,,,,,,,,,,,,,,,,,,,,,,,,,,,,,,,,,,
,Christie Mountain,2024,"1,300 ","1,650 ",350 ,100,33,Independent,Public w/Aerial Lifts,,,,,,,,,,,1,1,,,3,,5,2,2,1-3,$325,U.S. - Midwest,,,,,,,,,,,,,,,,,,,,,,,,,,,,,,,,,,,,,,,,,,,,,,,,,,,,,,,,,,,,,,,,,,,,,,,,,,,,,,,,,,,,,,,,,,,,,,,,,,,,,,,,,,,,,,,,,,,,,,,,,,,,,,,,,,,,,,,,,,,,,,,,,,,,,,,,,,,,,,,,,,,,,,,,,,,,,,,,,,,,,,,,,,,,,,,,,,,,,,,,,,,,,,,,,,,,,,,,,,,,,,,,,,,,,,,,,,,,,,,,,,,,,,,,,,,,,,,,,,,,,,,,,,,,,,,,,,,,,,,,,,,,,,,,,,,,,,,,,,,,,,,,,,,,,,,,,,,,,,,,,,,,,,,,,,,,,,,,,,,,,,,,,,,,,,,
,Crystal Ridge,2021,702 ,885 ,183 ,50,40,Schmitz Brothers,Public w/Aerial Lifts,,,,,,,,,,,1,,,,2,2,5,2,2,1-3B,$359,U.S. - Midwest,,,,,,,,,,,,,,,,,,,,,,,,,,,,,,,,,,,,,,,,,,,,,,,,,,,,,,,,,,,,,,,,,,,,,,,,,,,,,,,,,,,,,,,,,,,,,,,,,,,,,,,,,,,,,,,,,,,,,,,,,,,,,,,,,,,,,,,,,,,,,,,,,,,,,,,,,,,,,,,,,,,,,,,,,,,,,,,,,,,,,,,,,,,,,,,,,,,,,,,,,,,,,,,,,,,,,,,,,,,,,,,,,,,,,,,,,,,,,,,,,,,,,,,,,,,,,,,,,,,,,,,,,,,,,,,,,,,,,,,,,,,,,,,,,,,,,,,,,,,,,,,,,,,,,,,,,,,,,,,,,,,,,,,,,,,,,,,,,,,,,,,,,,,,,,,
,Little Switzerland,2019,"1,069 ","1,269 ",200 ,50,45,Schmitz Brothers,Public w/Aerial Lifts,,,,,,,,,2,,2,,,,3,2,9,2,2,1-3B,$409,U.S. - Midwest,,,,,,,,,,,,,,,,,,,,,,,,,,,,,,,,,,,,,,,,,,,,,,,,,,,,,,,,,,,,,,,,,,,,,,,,,,,,,,,,,,,,,,,,,,,,,,,,,,,,,,,,,,,,,,,,,,,,,,,,,,,,,,,,,,,,,,,,,,,,,,,,,,,,,,,,,,,,,,,,,,,,,,,,,,,,,,,,,,,,,,,,,,,,,,,,,,,,,,,,,,,,,,,,,,,,,,,,,,,,,,,,,,,,,,,,,,,,,,,,,,,,,,,,,,,,,,,,,,,,,,,,,,,,,,,,,,,,,,,,,,,,,,,,,,,,,,,,,,,,,,,,,,,,,,,,,,,,,,,,,,,,,,,,,,,,,,,,,,,,,,,,,,,,,,,
,Mount La Crosse,2025,594 ,"1,110 ",516 ,100,41,Independent,Public w/Aerial Lifts,,,,,,,,,,,3,,,,,1,4,2,2,,$500,U.S. - Midwest,,,,,,,,,,,,,,,,,,,,,,,,,,,,,,,,,,,,,,,,,,,,,,,,,,,,,,,,,,,,,,,,,,,,,,,,,,,,,,,,,,,,,,,,,,,,,,,,,,,,,,,,,,,,,,,,,,,,,,,,,,,,,,,,,,,,,,,,,,,,,,,,,,,,,,,,,,,,,,,,,,,,,,,,,,,,,,,,,,,,,,,,,,,,,,,,,,,,,,,,,,,,,,,,,,,,,,,,,,,,,,,,,,,,,,,,,,,,,,,,,,,,,,,,,,,,,,,,,,,,,,,,,,,,,,,,,,,,,,,,,,,,,,,,,,,,,,,,,,,,,,,,,,,,,,,,,,,,,,,,,,,,,,,,,,,,,,,,,,,,,,,,,,,,,,,
,Nordic Mountain,2019,925 ,"1,190 ",265 ,60,50,Schmitz Brothers,Public w/Aerial Lifts,,,,,,,,,,1,1,,,,2,2,6,2,2,1-3B,$359,U.S. - Midwest,,,,,,,,,,,,,,,,,,,,,,,,,,,,,,,,,,,,,,,,,,,,,,,,,,,,,,,,,,,,,,,,,,,,,,,,,,,,,,,,,,,,,,,,,,,,,,,,,,,,,,,,,,,,,,,,,,,,,,,,,,,,,,,,,,,,,,,,,,,,,,,,,,,,,,,,,,,,,,,,,,,,,,,,,,,,,,,,,,,,,,,,,,,,,,,,,,,,,,,,,,,,,,,,,,,,,,,,,,,,,,,,,,,,,,,,,,,,,,,,,,,,,,,,,,,,,,,,,,,,,,,,,,,,,,,,,,,,,,,,,,,,,,,,,,,,,,,,,,,,,,,,,,,,,,,,,,,,,,,,,,,,,,,,,,,,,,,,,,,,,,,,,,,,,,,
,Paul Bunyan,2026,,,150 ,30,65,Independent,Public - Surface Lifts Only,,,,,,,,,,,,1,,,4,1,6,2,2,,,U.S. - Midwest,,,,,,,,,,,,,,,,,,,,,,,,,,,,,,,,,,,,,,,,,,,,,,,,,,,,,,,,,,,,,,,,,,,,,,,,,,,,,,,,,,,,,,,,,,,,,,,,,,,,,,,,,,,,,,,,,,,,,,,,,,,,,,,,,,,,,,,,,,,,,,,,,,,,,,,,,,,,,,,,,,,,,,,,,,,,,,,,,,,,,,,,,,,,,,,,,,,,,,,,,,,,,,,,,,,,,,,,,,,,,,,,,,,,,,,,,,,,,,,,,,,,,,,,,,,,,,,,,,,,,,,,,,,,,,,,,,,,,,,,,,,,,,,,,,,,,,,,,,,,,,,,,,,,,,,,,,,,,,,,,,,,,,,,,,,,,,,,,,,,,,,,,,,,,,,
,Sunburst,2025,974 ,"1,171 ",197 ,30,11,Independent,Public w/Aerial Lifts,,,,,,,,,,,3,,,,4,2,9,2,2,,$500,U.S. - Midwest,,,,,,,,,,,,,,,,,,,,,,,,,,,,,,,,,,,,,,,,,,,,,,,,,,,,,,,,,,,,,,,,,,,,,,,,,,,,,,,,,,,,,,,,,,,,,,,,,,,,,,,,,,,,,,,,,,,,,,,,,,,,,,,,,,,,,,,,,,,,,,,,,,,,,,,,,,,,,,,,,,,,,,,,,,,,,,,,,,,,,,,,,,,,,,,,,,,,,,,,,,,,,,,,,,,,,,,,,,,,,,,,,,,,,,,,,,,,,,,,,,,,,,,,,,,,,,,,,,,,,,,,,,,,,,,,,,,,,,,,,,,,,,,,,,,,,,,,,,,,,,,,,,,,,,,,,,,,,,,,,,,,,,,,,,,,,,,,,,,,,,,,,,,,,,,
,Trollhaugen,2019,928 ,"1,200 ",272 ,86,50,Independent,Public w/Aerial Lifts,,,,,,,,,4,,,,,,5,,9,2,2,,$300,U.S. - Midwest,,,,,,,,,,,,,,,,,,,,,,,,,,,,,,,,,,,,,,,,,,,,,,,,,,,,,,,,,,,,,,,,,,,,,,,,,,,,,,,,,,,,,,,,,,,,,,,,,,,,,,,,,,,,,,,,,,,,,,,,,,,,,,,,,,,,,,,,,,,,,,,,,,,,,,,,,,,,,,,,,,,,,,,,,,,,,,,,,,,,,,,,,,,,,,,,,,,,,,,,,,,,,,,,,,,,,,,,,,,,,,,,,,,,,,,,,,,,,,,,,,,,,,,,,,,,,,,,,,,,,,,,,,,,,,,,,,,,,,,,,,,,,,,,,,,,,,,,,,,,,,,,,,,,,,,,,,,,,,,,,,,,,,,,,,,,,,,,,,,,,,,,,,,,,,,
,Tyrol Basin,2019,860 ,"1,160 ",300 ,40,51,Independent,Public w/Aerial Lifts,,,,,,,,,,3,,,,,2,2,7,2,2,,,U.S. - Midwest,,,,,,,,,,,,,,,,,,,,,,,,,,,,,,,,,,,,,,,,,,,,,,,,,,,,,,,,,,,,,,,,,,,,,,,,,,,,,,,,,,,,,,,,,,,,,,,,,,,,,,,,,,,,,,,,,,,,,,,,,,,,,,,,,,,,,,,,,,,,,,,,,,,,,,,,,,,,,,,,,,,,,,,,,,,,,,,,,,,,,,,,,,,,,,,,,,,,,,,,,,,,,,,,,,,,,,,,,,,,,,,,,,,,,,,,,,,,,,,,,,,,,,,,,,,,,,,,,,,,,,,,,,,,,,,,,,,,,,,,,,,,,,,,,,,,,,,,,,,,,,,,,,,,,,,,,,,,,,,,,,,,,,,,,,,,,,,,,,,,,,,,,,,,,,,
,Whitecap Mountains,2026,"1,295 ","1,750 ",455 ,400,200,Independent,Public w/Aerial Lifts,,,,,,,,,,1,4,,,,,1,6,2,2,,$399,U.S. - Midwest,,,,,,,,,,,,,,,,,,,,,,,,,,,,,,,,,,,,,,,,,,,,,,,,,,,,,,,,,,,,,,,,,,,,,,,,,,,,,,,,,,,,,,,,,,,,,,,,,,,,,,,,,,,,,,,,,,,,,,,,,,,,,,,,,,,,,,,,,,,,,,,,,,,,,,,,,,,,,,,,,,,,,,,,,,,,,,,,,,,,,,,,,,,,,,,,,,,,,,,,,,,,,,,,,,,,,,,,,,,,,,,,,,,,,,,,,,,,,,,,,,,,,,,,,,,,,,,,,,,,,,,,,,,,,,,,,,,,,,,,,,,,,,,,,,,,,,,,,,,,,,,,,,,,,,,,,,,,,,,,,,,,,,,,,,,,,,,,,,,,,,,,,,,,,,,
U.S. - Wyoming,Antelope Butte,2020,"8,400 ","9,400 ","1,000 ",225,200,Independent,Public w/Aerial Lifts,,,,,,,,,,,2,,,,,1,3,2,2,,,U.S. - West,,,,,,,,,,,,,,,,,,,,,,,,,,,,,,,,,,,,,,,,,,,,,,,,,,,,,,,,,,,,,,,,,,,,,,,,,,,,,,,,,,,,,,,,,,,,,,,,,,,,,,,,,,,,,,,,,,,,,,,,,,,,,,,,,,,,,,,,,,,,,,,,,,,,,,,,,,,,,,,,,,,,,,,,,,,,,,,,,,,,,,,,,,,,,,,,,,,,,,,,,,,,,,,,,,,,,,,,,,,,,,,,,,,,,,,,,,,,,,,,,,,,,,,,,,,,,,,,,,,,,,,,,,,,,,,,,,,,,,,,,,,,,,,,,,,,,,,,,,,,,,,,,,,,,,,,,,,,,,,,,,,,,,,,,,,,,,,,,,,,,,,,,,,,,,,
,Meadowlark,2022,"8,465 ","9,200 ",735 ,300,160,Independent,Public w/Aerial Lifts,,,,,,,,,,1,1,,,,,,2,2B,2,,,U.S. - West,,,,,,,,,,,,,,,,,,,,,,,,,,,,,,,,,,,,,,,,,,,,,,,,,,,,,,,,,,,,,,,,,,,,,,,,,,,,,,,,,,,,,,,,,,,,,,,,,,,,,,,,,,,,,,,,,,,,,,,,,,,,,,,,,,,,,,,,,,,,,,,,,,,,,,,,,,,,,,,,,,,,,,,,,,,,,,,,,,,,,,,,,,,,,,,,,,,,,,,,,,,,,,,,,,,,,,,,,,,,,,,,,,,,,,,,,,,,,,,,,,,,,,,,,,,,,,,,,,,,,,,,,,,,,,,,,,,,,,,,,,,,,,,,,,,,,,,,,,,,,,,,,,,,,,,,,,,,,,,,,,,,,,,,,,,,,,,,,,,,,,,,,,,,,,,
,Snow King,2020,"6,237 ","7,808 ","1,571 ",500,225,Independent,Public w/Aerial Lifts,,1,,,,,,,1,2,,,,,2,3,9,2B,2,,$575,U.S. - West,,,,,,,,,,,,,,,,,,,,,,,,,,,,,,,,,,,,,,,,,,,,,,,,,,,,,,,,,,,,,,,,,,,,,,,,,,,,,,,,,,,,,,,,,,,,,,,,,,,,,,,,,,,,,,,,,,,,,,,,,,,,,,,,,,,,,,,,,,,,,,,,,,,,,,,,,,,,,,,,,,,,,,,,,,,,,,,,,,,,,,,,,,,,,,,,,,,,,,,,,,,,,,,,,,,,,,,,,,,,,,,,,,,,,,,,,,,,,,,,,,,,,,,,,,,,,,,,,,,,,,,,,,,,,,,,,,,,,,,,,,,,,,,,,,,,,,,,,,,,,,,,,,,,,,,,,,,,,,,,,,,,,,,,,,,,,,,,,,,,,,,,,,,,,,,
,White Pine,2020,"8,500 ","9,600 ","1,100 ",363,180,Independent,Public w/Aerial Lifts,,,,,,,,,,2,,,,,,,2,2,2,,$560,U.S. - West,,,,,,,,,,,,,,,,,,,,,,,,,,,,,,,,,,,,,,,,,,,,,,,,,,,,,,,,,,,,,,,,,,,,,,,,,,,,,,,,,,,,,,,,,,,,,,,,,,,,,,,,,,,,,,,,,,,,,,,,,,,,,,,,,,,,,,,,,,,,,,,,,,,,,,,,,,,,,,,,,,,,,,,,,,,,,,,,,,,,,,,,,,,,,,,,,,,,,,,,,,,,,,,,,,,,,,,,,,,,,,,,,,,,,,,,,,,,,,,,,,,,,,,,,,,,,,,,,,,,,,,,,,,,,,,,,,,,,,,,,,,,,,,,,,,,,,,,,,,,,,,,,,,,,,,,,,,,,,,,,,,,,,,,,,,,,,,,,,,,,,,,,,,,,,,